Analysis & Synthesis report for DE1SOC_LCDLT24_1fas
Thu Dec 22 19:46:03 2022
Quartus Prime Version 18.1.0 Build 625 09/12/2018 SJ Lite Edition


---------------------
; Table of Contents ;
---------------------
  1. Legal Notice
  2. Analysis & Synthesis Summary
  3. Analysis & Synthesis Settings
  4. Parallel Compilation
  5. Analysis & Synthesis Source Files Read
  6. Analysis & Synthesis Resource Usage Summary
  7. Analysis & Synthesis Resource Utilization by Entity
  8. Analysis & Synthesis RAM Summary
  9. Analysis & Synthesis IP Cores Summary
 10. State Machine - |DE1SOC_LCDLT24_1fas|lcd_translator:O6_LCDTRANS|EP
 11. State Machine - |DE1SOC_LCDLT24_1fas|lcd_filter:O5_LCDFILT|EP
 12. State Machine - |DE1SOC_LCDLT24_1fas|lcd_receiver:O4_LCDREC|EP
 13. State Machine - |DE1SOC_LCDLT24_1fas|lcd_control:O3_LCDCONT|EP
 14. State Machine - |DE1SOC_LCDLT24_1fas|lcd_drawing:O2_LCDDRAW|EP
 15. State Machine - |DE1SOC_LCDLT24_1fas|LT24Setup:O1_SETUP|LT24InitLCD:DUT_InitLCD|ep3
 16. State Machine - |DE1SOC_LCDLT24_1fas|LT24Setup:O1_SETUP|LT24InitLCD:DUT_InitLCD|ep2
 17. State Machine - |DE1SOC_LCDLT24_1fas|LT24Setup:O1_SETUP|LT24InitReset:DUT_RESET|ep
 18. Registers Protected by Synthesis
 19. Registers Removed During Synthesis
 20. General Register Statistics
 21. Inverted Register Statistics
 22. Multiplexer Restructuring Statistics (Restructuring Performed)
 23. Source assignments for LT24Setup:O1_SETUP|LT24InitReset:DUT_RESET
 24. Source assignments for sld_signaltap:auto_signaltap_0
 25. Parameter Settings for Inferred Entity Instance: sld_signaltap:auto_signaltap_0
 26. Port Connectivity Checks: "LT24Setup:O1_SETUP|LT24InitLCD:DUT_InitLCD|romsinc:DUT_ROM"
 27. Port Connectivity Checks: "LT24Setup:O1_SETUP"
 28. Signal Tap Logic Analyzer Settings
 29. Post-Synthesis Netlist Statistics for Top Partition
 30. Elapsed Time Per Partition
 31. Connections to In-System Debugging Instance "auto_signaltap_0"
 32. Analysis & Synthesis Messages



----------------
; Legal Notice ;
----------------
Copyright (C) 2018  Intel Corporation. All rights reserved.
Your use of Intel Corporation's design tools, logic functions 
and other software and tools, and its AMPP partner logic 
functions, and any output files from any of the foregoing 
(including device programming or simulation files), and any 
associated documentation or information are expressly subject 
to the terms and conditions of the Intel Program License 
Subscription Agreement, the Intel Quartus Prime License Agreement,
the Intel FPGA IP License Agreement, or other applicable license
agreement, including, without limitation, that your use is for
the sole purpose of programming logic devices manufactured by
Intel and sold by Intel or its authorized distributors.  Please
refer to the applicable agreement for further details.



+-------------------------------------------------------------------------------+
; Analysis & Synthesis Summary                                                  ;
+---------------------------------+---------------------------------------------+
; Analysis & Synthesis Status     ; Successful - Thu Dec 22 19:46:03 2022       ;
; Quartus Prime Version           ; 18.1.0 Build 625 09/12/2018 SJ Lite Edition ;
; Revision Name                   ; DE1SOC_LCDLT24_1fas                         ;
; Top-level Entity Name           ; DE1SOC_LCDLT24_1fas                         ;
; Family                          ; Cyclone V                                   ;
; Logic utilization (in ALMs)     ; N/A                                         ;
; Total registers                 ; 1082                                        ;
; Total pins                      ; 48                                          ;
; Total virtual pins              ; 0                                           ;
; Total block memory bits         ; 33,792                                      ;
; Total DSP Blocks                ; 0                                           ;
; Total HSSI RX PCSs              ; 0                                           ;
; Total HSSI PMA RX Deserializers ; 0                                           ;
; Total HSSI TX PCSs              ; 0                                           ;
; Total HSSI PMA TX Serializers   ; 0                                           ;
; Total PLLs                      ; 0                                           ;
; Total DLLs                      ; 0                                           ;
+---------------------------------+---------------------------------------------+


+-----------------------------------------------------------------------------------------------------------------------------+
; Analysis & Synthesis Settings                                                                                               ;
+---------------------------------------------------------------------------------+---------------------+---------------------+
; Option                                                                          ; Setting             ; Default Value       ;
+---------------------------------------------------------------------------------+---------------------+---------------------+
; Device                                                                          ; 5CSEMA5F31C6        ;                     ;
; Top-level entity name                                                           ; DE1SOC_LCDLT24_1fas ; DE1SOC_LCDLT24_1fas ;
; Family name                                                                     ; Cyclone V           ; Cyclone V           ;
; Use smart compilation                                                           ; Off                 ; Off                 ;
; Enable parallel Assembler and Timing Analyzer during compilation                ; On                  ; On                  ;
; Enable compact report table                                                     ; Off                 ; Off                 ;
; Restructure Multiplexers                                                        ; Auto                ; Auto                ;
; MLAB Add Timing Constraints For Mixed-Port Feed-Through Mode Setting Don't Care ; Off                 ; Off                 ;
; Create Debugging Nodes for IP Cores                                             ; Off                 ; Off                 ;
; Preserve fewer node names                                                       ; On                  ; On                  ;
; Intel FPGA IP Evaluation Mode                                                   ; Enable              ; Enable              ;
; Verilog Version                                                                 ; Verilog_2001        ; Verilog_2001        ;
; VHDL Version                                                                    ; VHDL_1993           ; VHDL_1993           ;
; State Machine Processing                                                        ; Auto                ; Auto                ;
; Safe State Machine                                                              ; Off                 ; Off                 ;
; Extract Verilog State Machines                                                  ; On                  ; On                  ;
; Extract VHDL State Machines                                                     ; On                  ; On                  ;
; Ignore Verilog initial constructs                                               ; Off                 ; Off                 ;
; Iteration limit for constant Verilog loops                                      ; 5000                ; 5000                ;
; Iteration limit for non-constant Verilog loops                                  ; 250                 ; 250                 ;
; Add Pass-Through Logic to Inferred RAMs                                         ; On                  ; On                  ;
; Infer RAMs from Raw Logic                                                       ; On                  ; On                  ;
; Parallel Synthesis                                                              ; On                  ; On                  ;
; DSP Block Balancing                                                             ; Auto                ; Auto                ;
; NOT Gate Push-Back                                                              ; On                  ; On                  ;
; Power-Up Don't Care                                                             ; On                  ; On                  ;
; Remove Redundant Logic Cells                                                    ; Off                 ; Off                 ;
; Remove Duplicate Registers                                                      ; On                  ; On                  ;
; Ignore CARRY Buffers                                                            ; Off                 ; Off                 ;
; Ignore CASCADE Buffers                                                          ; Off                 ; Off                 ;
; Ignore GLOBAL Buffers                                                           ; Off                 ; Off                 ;
; Ignore ROW GLOBAL Buffers                                                       ; Off                 ; Off                 ;
; Ignore LCELL Buffers                                                            ; Off                 ; Off                 ;
; Ignore SOFT Buffers                                                             ; On                  ; On                  ;
; Limit AHDL Integers to 32 Bits                                                  ; Off                 ; Off                 ;
; Optimization Technique                                                          ; Balanced            ; Balanced            ;
; Carry Chain Length                                                              ; 70                  ; 70                  ;
; Auto Carry Chains                                                               ; On                  ; On                  ;
; Auto Open-Drain Pins                                                            ; On                  ; On                  ;
; Perform WYSIWYG Primitive Resynthesis                                           ; Off                 ; Off                 ;
; Auto ROM Replacement                                                            ; On                  ; On                  ;
; Auto RAM Replacement                                                            ; On                  ; On                  ;
; Auto DSP Block Replacement                                                      ; On                  ; On                  ;
; Auto Shift Register Replacement                                                 ; Auto                ; Auto                ;
; Allow Shift Register Merging across Hierarchies                                 ; Auto                ; Auto                ;
; Auto Clock Enable Replacement                                                   ; On                  ; On                  ;
; Strict RAM Replacement                                                          ; Off                 ; Off                 ;
; Allow Synchronous Control Signals                                               ; On                  ; On                  ;
; Force Use of Synchronous Clear Signals                                          ; Off                 ; Off                 ;
; Auto Resource Sharing                                                           ; Off                 ; Off                 ;
; Allow Any RAM Size For Recognition                                              ; Off                 ; Off                 ;
; Allow Any ROM Size For Recognition                                              ; Off                 ; Off                 ;
; Allow Any Shift Register Size For Recognition                                   ; Off                 ; Off                 ;
; Use LogicLock Constraints during Resource Balancing                             ; On                  ; On                  ;
; Ignore translate_off and synthesis_off directives                               ; Off                 ; Off                 ;
; Timing-Driven Synthesis                                                         ; On                  ; On                  ;
; Report Parameter Settings                                                       ; On                  ; On                  ;
; Report Source Assignments                                                       ; On                  ; On                  ;
; Report Connectivity Checks                                                      ; On                  ; On                  ;
; Ignore Maximum Fan-Out Assignments                                              ; Off                 ; Off                 ;
; Synchronization Register Chain Length                                           ; 3                   ; 3                   ;
; Power Optimization During Synthesis                                             ; Normal compilation  ; Normal compilation  ;
; HDL message level                                                               ; Level2              ; Level2              ;
; Suppress Register Optimization Related Messages                                 ; Off                 ; Off                 ;
; Number of Removed Registers Reported in Synthesis Report                        ; 5000                ; 5000                ;
; Number of Swept Nodes Reported in Synthesis Report                              ; 5000                ; 5000                ;
; Number of Inverted Registers Reported in Synthesis Report                       ; 100                 ; 100                 ;
; Clock MUX Protection                                                            ; On                  ; On                  ;
; Auto Gated Clock Conversion                                                     ; Off                 ; Off                 ;
; Block Design Naming                                                             ; Auto                ; Auto                ;
; SDC constraint protection                                                       ; Off                 ; Off                 ;
; Synthesis Effort                                                                ; Auto                ; Auto                ;
; Shift Register Replacement - Allow Asynchronous Clear Signal                    ; On                  ; On                  ;
; Pre-Mapping Resynthesis Optimization                                            ; Off                 ; Off                 ;
; Analysis & Synthesis Message Level                                              ; Medium              ; Medium              ;
; Disable Register Merging Across Hierarchies                                     ; Auto                ; Auto                ;
; Resource Aware Inference For Block RAM                                          ; On                  ; On                  ;
; Automatic Parallel Synthesis                                                    ; On                  ; On                  ;
; Partial Reconfiguration Bitstream ID                                            ; Off                 ; Off                 ;
+---------------------------------------------------------------------------------+---------------------+---------------------+


+------------------------------------------+
; Parallel Compilation                     ;
+----------------------------+-------------+
; Processors                 ; Number      ;
+----------------------------+-------------+
; Number detected on machine ; 8           ;
; Maximum allowed            ; 8           ;
;                            ;             ;
; Average used               ; 1.00        ;
; Maximum used               ; 8           ;
;                            ;             ;
; Usage by Processor         ; % Time Used ;
;     Processor 1            ; 100.0%      ;
;     Processors 2-8         ;   0.0%      ;
+----------------------------+-------------+


+--------------------------------------------------------------------------------------------------------------------------------------------------------------------------------------------------------------------------------------------------------------------------------------------------------------------------+
; Analysis & Synthesis Source Files Read                                                                                                                                                                                                                                                                                   ;
+--------------------------------------------------------------------+-----------------+----------------------------------------------+----------------------------------------------------------------------------------------------------------------------------------------------------------------------+-------------+
; File Name with User-Entered Path                                   ; Used in Netlist ; File Type                                    ; File Name with Absolute Path                                                                                                                                         ; Library     ;
+--------------------------------------------------------------------+-----------------+----------------------------------------------+----------------------------------------------------------------------------------------------------------------------------------------------------------------------+-------------+
; LCD_ReceiverAndFilter/lcd_receiver.vhd                             ; yes             ; User VHDL File                               ; C:/Users/mamun/OneDrive/Documentos/- UPV/DCSD/RepositorioGithub/DCSD/Proyecto/DE1SOC_LCDLT24_1fas/LCD_ReceiverAndFilter/lcd_receiver.vhd                             ;             ;
; LCD_ReceiverAndFilter/lcd_filter.vhd                               ; yes             ; User VHDL File                               ; C:/Users/mamun/OneDrive/Documentos/- UPV/DCSD/RepositorioGithub/DCSD/Proyecto/DE1SOC_LCDLT24_1fas/LCD_ReceiverAndFilter/lcd_filter.vhd                               ;             ;
; LCD_DrawingAndControl/lcd_drawing.vhd                              ; yes             ; User VHDL File                               ; C:/Users/mamun/OneDrive/Documentos/- UPV/DCSD/RepositorioGithub/DCSD/Proyecto/DE1SOC_LCDLT24_1fas/LCD_DrawingAndControl/lcd_drawing.vhd                              ;             ;
; LCD_DrawingAndControl/lcd_control.vhd                              ; yes             ; User VHDL File                               ; C:/Users/mamun/OneDrive/Documentos/- UPV/DCSD/RepositorioGithub/DCSD/Proyecto/DE1SOC_LCDLT24_1fas/LCD_DrawingAndControl/lcd_control.vhd                              ;             ;
; LCD_SetUp/romsinc.vhd                                              ; yes             ; User VHDL File                               ; C:/Users/mamun/OneDrive/Documentos/- UPV/DCSD/RepositorioGithub/DCSD/Proyecto/DE1SOC_LCDLT24_1fas/LCD_SetUp/romsinc.vhd                                              ;             ;
; LCD_SetUp/LT24SetUp.vhd                                            ; yes             ; User VHDL File                               ; C:/Users/mamun/OneDrive/Documentos/- UPV/DCSD/RepositorioGithub/DCSD/Proyecto/DE1SOC_LCDLT24_1fas/LCD_SetUp/LT24SetUp.vhd                                            ;             ;
; LCD_SetUp/LT24InitReset.vhd                                        ; yes             ; User VHDL File                               ; C:/Users/mamun/OneDrive/Documentos/- UPV/DCSD/RepositorioGithub/DCSD/Proyecto/DE1SOC_LCDLT24_1fas/LCD_SetUp/LT24InitReset.vhd                                        ;             ;
; LCD_SetUp/LT24InitLCD.vhd                                          ; yes             ; User VHDL File                               ; C:/Users/mamun/OneDrive/Documentos/- UPV/DCSD/RepositorioGithub/DCSD/Proyecto/DE1SOC_LCDLT24_1fas/LCD_SetUp/LT24InitLCD.vhd                                          ;             ;
; LCD_SetUp/Init128rom_pkg.vhd                                       ; yes             ; User VHDL File                               ; C:/Users/mamun/OneDrive/Documentos/- UPV/DCSD/RepositorioGithub/DCSD/Proyecto/DE1SOC_LCDLT24_1fas/LCD_SetUp/Init128rom_pkg.vhd                                       ;             ;
; DE1SOC_LCDLT24_1fas.vhd                                            ; yes             ; User VHDL File                               ; C:/Users/mamun/OneDrive/Documentos/- UPV/DCSD/RepositorioGithub/DCSD/Proyecto/DE1SOC_LCDLT24_1fas/DE1SOC_LCDLT24_1fas.vhd                                            ;             ;
; LCD_Translator/lcd_translator.vhd                                  ; yes             ; User VHDL File                               ; C:/Users/mamun/OneDrive/Documentos/- UPV/DCSD/RepositorioGithub/DCSD/Proyecto/DE1SOC_LCDLT24_1fas/LCD_Translator/lcd_translator.vhd                                  ;             ;
; sld_signaltap.vhd                                                  ; yes             ; Megafunction                                 ; c:/intelfpga_lite/18.1/quartus/libraries/megafunctions/sld_signaltap.vhd                                                                                             ;             ;
; sld_signaltap_impl.vhd                                             ; yes             ; Encrypted Megafunction                       ; c:/intelfpga_lite/18.1/quartus/libraries/megafunctions/sld_signaltap_impl.vhd                                                                                        ;             ;
; sld_ela_control.vhd                                                ; yes             ; Encrypted Megafunction                       ; c:/intelfpga_lite/18.1/quartus/libraries/megafunctions/sld_ela_control.vhd                                                                                           ;             ;
; lpm_shiftreg.tdf                                                   ; yes             ; Megafunction                                 ; c:/intelfpga_lite/18.1/quartus/libraries/megafunctions/lpm_shiftreg.tdf                                                                                              ;             ;
; lpm_constant.inc                                                   ; yes             ; Megafunction                                 ; c:/intelfpga_lite/18.1/quartus/libraries/megafunctions/lpm_constant.inc                                                                                              ;             ;
; dffeea.inc                                                         ; yes             ; Megafunction                                 ; c:/intelfpga_lite/18.1/quartus/libraries/megafunctions/dffeea.inc                                                                                                    ;             ;
; aglobal181.inc                                                     ; yes             ; Megafunction                                 ; c:/intelfpga_lite/18.1/quartus/libraries/megafunctions/aglobal181.inc                                                                                                ;             ;
; sld_mbpmg.vhd                                                      ; yes             ; Encrypted Megafunction                       ; c:/intelfpga_lite/18.1/quartus/libraries/megafunctions/sld_mbpmg.vhd                                                                                                 ;             ;
; sld_ela_trigger_flow_mgr.vhd                                       ; yes             ; Encrypted Megafunction                       ; c:/intelfpga_lite/18.1/quartus/libraries/megafunctions/sld_ela_trigger_flow_mgr.vhd                                                                                  ;             ;
; sld_buffer_manager.vhd                                             ; yes             ; Encrypted Megafunction                       ; c:/intelfpga_lite/18.1/quartus/libraries/megafunctions/sld_buffer_manager.vhd                                                                                        ;             ;
; altsyncram.tdf                                                     ; yes             ; Megafunction                                 ; c:/intelfpga_lite/18.1/quartus/libraries/megafunctions/altsyncram.tdf                                                                                                ;             ;
; stratix_ram_block.inc                                              ; yes             ; Megafunction                                 ; c:/intelfpga_lite/18.1/quartus/libraries/megafunctions/stratix_ram_block.inc                                                                                         ;             ;
; lpm_mux.inc                                                        ; yes             ; Megafunction                                 ; c:/intelfpga_lite/18.1/quartus/libraries/megafunctions/lpm_mux.inc                                                                                                   ;             ;
; lpm_decode.inc                                                     ; yes             ; Megafunction                                 ; c:/intelfpga_lite/18.1/quartus/libraries/megafunctions/lpm_decode.inc                                                                                                ;             ;
; a_rdenreg.inc                                                      ; yes             ; Megafunction                                 ; c:/intelfpga_lite/18.1/quartus/libraries/megafunctions/a_rdenreg.inc                                                                                                 ;             ;
; altrom.inc                                                         ; yes             ; Megafunction                                 ; c:/intelfpga_lite/18.1/quartus/libraries/megafunctions/altrom.inc                                                                                                    ;             ;
; altram.inc                                                         ; yes             ; Megafunction                                 ; c:/intelfpga_lite/18.1/quartus/libraries/megafunctions/altram.inc                                                                                                    ;             ;
; altdpram.inc                                                       ; yes             ; Megafunction                                 ; c:/intelfpga_lite/18.1/quartus/libraries/megafunctions/altdpram.inc                                                                                                  ;             ;
; db/altsyncram_ug84.tdf                                             ; yes             ; Auto-Generated Megafunction                  ; C:/Users/mamun/OneDrive/Documentos/- UPV/DCSD/RepositorioGithub/DCSD/Proyecto/DE1SOC_LCDLT24_1fas/db/altsyncram_ug84.tdf                                             ;             ;
; altdpram.tdf                                                       ; yes             ; Megafunction                                 ; c:/intelfpga_lite/18.1/quartus/libraries/megafunctions/altdpram.tdf                                                                                                  ;             ;
; memmodes.inc                                                       ; yes             ; Megafunction                                 ; c:/intelfpga_lite/18.1/quartus/libraries/others/maxplus2/memmodes.inc                                                                                                ;             ;
; a_hdffe.inc                                                        ; yes             ; Megafunction                                 ; c:/intelfpga_lite/18.1/quartus/libraries/megafunctions/a_hdffe.inc                                                                                                   ;             ;
; alt_le_rden_reg.inc                                                ; yes             ; Megafunction                                 ; c:/intelfpga_lite/18.1/quartus/libraries/megafunctions/alt_le_rden_reg.inc                                                                                           ;             ;
; altsyncram.inc                                                     ; yes             ; Megafunction                                 ; c:/intelfpga_lite/18.1/quartus/libraries/megafunctions/altsyncram.inc                                                                                                ;             ;
; lpm_mux.tdf                                                        ; yes             ; Megafunction                                 ; c:/intelfpga_lite/18.1/quartus/libraries/megafunctions/lpm_mux.tdf                                                                                                   ;             ;
; muxlut.inc                                                         ; yes             ; Megafunction                                 ; c:/intelfpga_lite/18.1/quartus/libraries/megafunctions/muxlut.inc                                                                                                    ;             ;
; bypassff.inc                                                       ; yes             ; Megafunction                                 ; c:/intelfpga_lite/18.1/quartus/libraries/megafunctions/bypassff.inc                                                                                                  ;             ;
; altshift.inc                                                       ; yes             ; Megafunction                                 ; c:/intelfpga_lite/18.1/quartus/libraries/megafunctions/altshift.inc                                                                                                  ;             ;
; db/mux_blc.tdf                                                     ; yes             ; Auto-Generated Megafunction                  ; C:/Users/mamun/OneDrive/Documentos/- UPV/DCSD/RepositorioGithub/DCSD/Proyecto/DE1SOC_LCDLT24_1fas/db/mux_blc.tdf                                                     ;             ;
; lpm_decode.tdf                                                     ; yes             ; Megafunction                                 ; c:/intelfpga_lite/18.1/quartus/libraries/megafunctions/lpm_decode.tdf                                                                                                ;             ;
; declut.inc                                                         ; yes             ; Megafunction                                 ; c:/intelfpga_lite/18.1/quartus/libraries/megafunctions/declut.inc                                                                                                    ;             ;
; lpm_compare.inc                                                    ; yes             ; Megafunction                                 ; c:/intelfpga_lite/18.1/quartus/libraries/megafunctions/lpm_compare.inc                                                                                               ;             ;
; db/decode_vnf.tdf                                                  ; yes             ; Auto-Generated Megafunction                  ; C:/Users/mamun/OneDrive/Documentos/- UPV/DCSD/RepositorioGithub/DCSD/Proyecto/DE1SOC_LCDLT24_1fas/db/decode_vnf.tdf                                                  ;             ;
; lpm_counter.tdf                                                    ; yes             ; Megafunction                                 ; c:/intelfpga_lite/18.1/quartus/libraries/megafunctions/lpm_counter.tdf                                                                                               ;             ;
; lpm_add_sub.inc                                                    ; yes             ; Megafunction                                 ; c:/intelfpga_lite/18.1/quartus/libraries/megafunctions/lpm_add_sub.inc                                                                                               ;             ;
; cmpconst.inc                                                       ; yes             ; Megafunction                                 ; c:/intelfpga_lite/18.1/quartus/libraries/megafunctions/cmpconst.inc                                                                                                  ;             ;
; lpm_counter.inc                                                    ; yes             ; Megafunction                                 ; c:/intelfpga_lite/18.1/quartus/libraries/megafunctions/lpm_counter.inc                                                                                               ;             ;
; alt_counter_stratix.inc                                            ; yes             ; Megafunction                                 ; c:/intelfpga_lite/18.1/quartus/libraries/megafunctions/alt_counter_stratix.inc                                                                                       ;             ;
; db/cntr_29i.tdf                                                    ; yes             ; Auto-Generated Megafunction                  ; C:/Users/mamun/OneDrive/Documentos/- UPV/DCSD/RepositorioGithub/DCSD/Proyecto/DE1SOC_LCDLT24_1fas/db/cntr_29i.tdf                                                    ;             ;
; db/cmpr_e9c.tdf                                                    ; yes             ; Auto-Generated Megafunction                  ; C:/Users/mamun/OneDrive/Documentos/- UPV/DCSD/RepositorioGithub/DCSD/Proyecto/DE1SOC_LCDLT24_1fas/db/cmpr_e9c.tdf                                                    ;             ;
; db/cntr_q1j.tdf                                                    ; yes             ; Auto-Generated Megafunction                  ; C:/Users/mamun/OneDrive/Documentos/- UPV/DCSD/RepositorioGithub/DCSD/Proyecto/DE1SOC_LCDLT24_1fas/db/cntr_q1j.tdf                                                    ;             ;
; db/cntr_u8i.tdf                                                    ; yes             ; Auto-Generated Megafunction                  ; C:/Users/mamun/OneDrive/Documentos/- UPV/DCSD/RepositorioGithub/DCSD/Proyecto/DE1SOC_LCDLT24_1fas/db/cntr_u8i.tdf                                                    ;             ;
; db/cmpr_d9c.tdf                                                    ; yes             ; Auto-Generated Megafunction                  ; C:/Users/mamun/OneDrive/Documentos/- UPV/DCSD/RepositorioGithub/DCSD/Proyecto/DE1SOC_LCDLT24_1fas/db/cmpr_d9c.tdf                                                    ;             ;
; db/cntr_kri.tdf                                                    ; yes             ; Auto-Generated Megafunction                  ; C:/Users/mamun/OneDrive/Documentos/- UPV/DCSD/RepositorioGithub/DCSD/Proyecto/DE1SOC_LCDLT24_1fas/db/cntr_kri.tdf                                                    ;             ;
; db/cmpr_99c.tdf                                                    ; yes             ; Auto-Generated Megafunction                  ; C:/Users/mamun/OneDrive/Documentos/- UPV/DCSD/RepositorioGithub/DCSD/Proyecto/DE1SOC_LCDLT24_1fas/db/cmpr_99c.tdf                                                    ;             ;
; sld_rom_sr.vhd                                                     ; yes             ; Encrypted Megafunction                       ; c:/intelfpga_lite/18.1/quartus/libraries/megafunctions/sld_rom_sr.vhd                                                                                                ;             ;
; sld_jtag_endpoint_adapter.vhd                                      ; yes             ; Encrypted Megafunction                       ; c:/intelfpga_lite/18.1/quartus/libraries/megafunctions/sld_jtag_endpoint_adapter.vhd                                                                                 ;             ;
; sld_jtag_endpoint_adapter_impl.sv                                  ; yes             ; Encrypted Megafunction                       ; c:/intelfpga_lite/18.1/quartus/libraries/megafunctions/sld_jtag_endpoint_adapter_impl.sv                                                                             ;             ;
; sld_hub.vhd                                                        ; yes             ; Encrypted Megafunction                       ; c:/intelfpga_lite/18.1/quartus/libraries/megafunctions/sld_hub.vhd                                                                                                   ; altera_sld  ;
; db/ip/sldaa8a7c86/alt_sld_fab.v                                    ; yes             ; Encrypted Auto-Found Verilog HDL File        ; C:/Users/mamun/OneDrive/Documentos/- UPV/DCSD/RepositorioGithub/DCSD/Proyecto/DE1SOC_LCDLT24_1fas/db/ip/sldaa8a7c86/alt_sld_fab.v                                    ; alt_sld_fab ;
; db/ip/sldaa8a7c86/submodules/alt_sld_fab_alt_sld_fab.v             ; yes             ; Encrypted Auto-Found Verilog HDL File        ; C:/Users/mamun/OneDrive/Documentos/- UPV/DCSD/RepositorioGithub/DCSD/Proyecto/DE1SOC_LCDLT24_1fas/db/ip/sldaa8a7c86/submodules/alt_sld_fab_alt_sld_fab.v             ; alt_sld_fab ;
; db/ip/sldaa8a7c86/submodules/alt_sld_fab_alt_sld_fab_ident.sv      ; yes             ; Auto-Found SystemVerilog HDL File            ; C:/Users/mamun/OneDrive/Documentos/- UPV/DCSD/RepositorioGithub/DCSD/Proyecto/DE1SOC_LCDLT24_1fas/db/ip/sldaa8a7c86/submodules/alt_sld_fab_alt_sld_fab_ident.sv      ; alt_sld_fab ;
; db/ip/sldaa8a7c86/submodules/alt_sld_fab_alt_sld_fab_presplit.sv   ; yes             ; Encrypted Auto-Found SystemVerilog HDL File  ; C:/Users/mamun/OneDrive/Documentos/- UPV/DCSD/RepositorioGithub/DCSD/Proyecto/DE1SOC_LCDLT24_1fas/db/ip/sldaa8a7c86/submodules/alt_sld_fab_alt_sld_fab_presplit.sv   ; alt_sld_fab ;
; db/ip/sldaa8a7c86/submodules/alt_sld_fab_alt_sld_fab_sldfabric.vhd ; yes             ; Encrypted Auto-Found VHDL File               ; C:/Users/mamun/OneDrive/Documentos/- UPV/DCSD/RepositorioGithub/DCSD/Proyecto/DE1SOC_LCDLT24_1fas/db/ip/sldaa8a7c86/submodules/alt_sld_fab_alt_sld_fab_sldfabric.vhd ; alt_sld_fab ;
; db/ip/sldaa8a7c86/submodules/alt_sld_fab_alt_sld_fab_splitter.sv   ; yes             ; Encrypted Auto-Found SystemVerilog HDL File  ; C:/Users/mamun/OneDrive/Documentos/- UPV/DCSD/RepositorioGithub/DCSD/Proyecto/DE1SOC_LCDLT24_1fas/db/ip/sldaa8a7c86/submodules/alt_sld_fab_alt_sld_fab_splitter.sv   ; alt_sld_fab ;
; sld_jtag_hub.vhd                                                   ; yes             ; Encrypted Megafunction                       ; c:/intelfpga_lite/18.1/quartus/libraries/megafunctions/sld_jtag_hub.vhd                                                                                              ;             ;
+--------------------------------------------------------------------+-----------------+----------------------------------------------+----------------------------------------------------------------------------------------------------------------------------------------------------------------------+-------------+


+--------------------------------------------------------------+
; Analysis & Synthesis Resource Usage Summary                  ;
+---------------------------------------------+----------------+
; Resource                                    ; Usage          ;
+---------------------------------------------+----------------+
; Estimate of Logic utilization (ALMs needed) ; 628            ;
;                                             ;                ;
; Combinational ALUT usage for logic          ; 698            ;
;     -- 7 input functions                    ; 4              ;
;     -- 6 input functions                    ; 134            ;
;     -- 5 input functions                    ; 130            ;
;     -- 4 input functions                    ; 67             ;
;     -- <=3 input functions                  ; 363            ;
;                                             ;                ;
; Dedicated logic registers                   ; 1082           ;
;                                             ;                ;
; I/O pins                                    ; 48             ;
; Total MLAB memory bits                      ; 0              ;
; Total block memory bits                     ; 33792          ;
;                                             ;                ;
; Total DSP Blocks                            ; 0              ;
;                                             ;                ;
; Maximum fan-out node                        ; CLOCK_50~input ;
; Maximum fan-out                             ; 694            ;
; Total fan-out                               ; 7128           ;
; Average fan-out                             ; 3.72           ;
+---------------------------------------------+----------------+


+-----------------------------------------------------------------------------------------------------------------------------------------------------------------------------------------------------------------------------------------------------------------------------------------------------------------------------------------------------------------------------------------------------------------------------------------------------------------------------------------------------------------------------------------------------------------------------------------------------------------------------------------------------------------------+
; Analysis & Synthesis Resource Utilization by Entity                                                                                                                                                                                                                                                                                                                                                                                                                                                                                                                                                                                                                   ;
+-----------------------------------------------------------------------------------------------------------------------------------------+---------------------+---------------------------+-------------------+------------+------+--------------+-----------------------------------------------------------------------------------------------------------------------------------------------------------------------------------------------------------------------------------------------------------------------------------------------------------------------------------------------------------------+-----------------------------------+--------------+
; Compilation Hierarchy Node                                                                                                              ; Combinational ALUTs ; Dedicated Logic Registers ; Block Memory Bits ; DSP Blocks ; Pins ; Virtual Pins ; Full Hierarchy Name                                                                                                                                                                                                                                                                                                                                             ; Entity Name                       ; Library Name ;
+-----------------------------------------------------------------------------------------------------------------------------------------+---------------------+---------------------------+-------------------+------------+------+--------------+-----------------------------------------------------------------------------------------------------------------------------------------------------------------------------------------------------------------------------------------------------------------------------------------------------------------------------------------------------------------+-----------------------------------+--------------+
; |DE1SOC_LCDLT24_1fas                                                                                                                    ; 698 (1)             ; 1082 (0)                  ; 33792             ; 0          ; 48   ; 0            ; |DE1SOC_LCDLT24_1fas                                                                                                                                                                                                                                                                                                                                            ; DE1SOC_LCDLT24_1fas               ; work         ;
;    |LT24Setup:O1_SETUP|                                                                                                                 ; 178 (38)            ; 135 (19)                  ; 0                 ; 0          ; 0    ; 0            ; |DE1SOC_LCDLT24_1fas|LT24Setup:O1_SETUP                                                                                                                                                                                                                                                                                                                         ; LT24Setup                         ; work         ;
;       |LT24InitLCD:DUT_InitLCD|                                                                                                         ; 36 (23)             ; 31 (24)                   ; 0                 ; 0          ; 0    ; 0            ; |DE1SOC_LCDLT24_1fas|LT24Setup:O1_SETUP|LT24InitLCD:DUT_InitLCD                                                                                                                                                                                                                                                                                                 ; LT24InitLCD                       ; work         ;
;          |romsinc:DUT_ROM|                                                                                                              ; 13 (13)             ; 7 (7)                     ; 0                 ; 0          ; 0    ; 0            ; |DE1SOC_LCDLT24_1fas|LT24Setup:O1_SETUP|LT24InitLCD:DUT_InitLCD|romsinc:DUT_ROM                                                                                                                                                                                                                                                                                 ; romsinc                           ; work         ;
;       |LT24InitReset:DUT_RESET|                                                                                                         ; 104 (104)           ; 85 (85)                   ; 0                 ; 0          ; 0    ; 0            ; |DE1SOC_LCDLT24_1fas|LT24Setup:O1_SETUP|LT24InitReset:DUT_RESET                                                                                                                                                                                                                                                                                                 ; LT24InitReset                     ; work         ;
;    |lcd_control:O3_LCDCONT|                                                                                                             ; 50 (50)             ; 48 (48)                   ; 0                 ; 0          ; 0    ; 0            ; |DE1SOC_LCDLT24_1fas|lcd_control:O3_LCDCONT                                                                                                                                                                                                                                                                                                                     ; lcd_control                       ; work         ;
;    |lcd_drawing:O2_LCDDRAW|                                                                                                             ; 37 (37)             ; 18 (18)                   ; 0                 ; 0          ; 0    ; 0            ; |DE1SOC_LCDLT24_1fas|lcd_drawing:O2_LCDDRAW                                                                                                                                                                                                                                                                                                                     ; lcd_drawing                       ; work         ;
;    |lcd_filter:O5_LCDFILT|                                                                                                              ; 47 (47)             ; 28 (28)                   ; 0                 ; 0          ; 0    ; 0            ; |DE1SOC_LCDLT24_1fas|lcd_filter:O5_LCDFILT                                                                                                                                                                                                                                                                                                                      ; lcd_filter                        ; work         ;
;    |lcd_receiver:O4_LCDREC|                                                                                                             ; 19 (19)             ; 24 (24)                   ; 0                 ; 0          ; 0    ; 0            ; |DE1SOC_LCDLT24_1fas|lcd_receiver:O4_LCDREC                                                                                                                                                                                                                                                                                                                     ; lcd_receiver                      ; work         ;
;    |lcd_translator:O6_LCDTRANS|                                                                                                         ; 4 (4)               ; 11 (11)                   ; 0                 ; 0          ; 0    ; 0            ; |DE1SOC_LCDLT24_1fas|lcd_translator:O6_LCDTRANS                                                                                                                                                                                                                                                                                                                 ; lcd_translator                    ; work         ;
;    |sld_hub:auto_hub|                                                                                                                   ; 92 (1)              ; 91 (0)                    ; 0                 ; 0          ; 0    ; 0            ; |DE1SOC_LCDLT24_1fas|sld_hub:auto_hub                                                                                                                                                                                                                                                                                                                           ; sld_hub                           ; altera_sld   ;
;       |alt_sld_fab_with_jtag_input:\instrumentation_fabric_with_node_gen:fabric_gen_new_way:with_jtag_input_gen:instrumentation_fabric| ; 91 (0)              ; 91 (0)                    ; 0                 ; 0          ; 0    ; 0            ; |DE1SOC_LCDLT24_1fas|sld_hub:auto_hub|alt_sld_fab_with_jtag_input:\instrumentation_fabric_with_node_gen:fabric_gen_new_way:with_jtag_input_gen:instrumentation_fabric                                                                                                                                                                                           ; alt_sld_fab_with_jtag_input       ; altera_sld   ;
;          |alt_sld_fab:instrumentation_fabric|                                                                                           ; 91 (0)              ; 91 (0)                    ; 0                 ; 0          ; 0    ; 0            ; |DE1SOC_LCDLT24_1fas|sld_hub:auto_hub|alt_sld_fab_with_jtag_input:\instrumentation_fabric_with_node_gen:fabric_gen_new_way:with_jtag_input_gen:instrumentation_fabric|alt_sld_fab:instrumentation_fabric                                                                                                                                                        ; alt_sld_fab                       ; alt_sld_fab  ;
;             |alt_sld_fab_alt_sld_fab:alt_sld_fab|                                                                                       ; 91 (1)              ; 91 (5)                    ; 0                 ; 0          ; 0    ; 0            ; |DE1SOC_LCDLT24_1fas|sld_hub:auto_hub|alt_sld_fab_with_jtag_input:\instrumentation_fabric_with_node_gen:fabric_gen_new_way:with_jtag_input_gen:instrumentation_fabric|alt_sld_fab:instrumentation_fabric|alt_sld_fab_alt_sld_fab:alt_sld_fab                                                                                                                    ; alt_sld_fab_alt_sld_fab           ; alt_sld_fab  ;
;                |alt_sld_fab_alt_sld_fab_sldfabric:sldfabric|                                                                            ; 90 (0)              ; 86 (0)                    ; 0                 ; 0          ; 0    ; 0            ; |DE1SOC_LCDLT24_1fas|sld_hub:auto_hub|alt_sld_fab_with_jtag_input:\instrumentation_fabric_with_node_gen:fabric_gen_new_way:with_jtag_input_gen:instrumentation_fabric|alt_sld_fab:instrumentation_fabric|alt_sld_fab_alt_sld_fab:alt_sld_fab|alt_sld_fab_alt_sld_fab_sldfabric:sldfabric                                                                        ; alt_sld_fab_alt_sld_fab_sldfabric ; alt_sld_fab  ;
;                   |sld_jtag_hub:\jtag_hub_gen:real_sld_jtag_hub|                                                                        ; 90 (57)             ; 86 (58)                   ; 0                 ; 0          ; 0    ; 0            ; |DE1SOC_LCDLT24_1fas|sld_hub:auto_hub|alt_sld_fab_with_jtag_input:\instrumentation_fabric_with_node_gen:fabric_gen_new_way:with_jtag_input_gen:instrumentation_fabric|alt_sld_fab:instrumentation_fabric|alt_sld_fab_alt_sld_fab:alt_sld_fab|alt_sld_fab_alt_sld_fab_sldfabric:sldfabric|sld_jtag_hub:\jtag_hub_gen:real_sld_jtag_hub                           ; sld_jtag_hub                      ; work         ;
;                      |sld_rom_sr:hub_info_reg|                                                                                          ; 15 (15)             ; 9 (9)                     ; 0                 ; 0          ; 0    ; 0            ; |DE1SOC_LCDLT24_1fas|sld_hub:auto_hub|alt_sld_fab_with_jtag_input:\instrumentation_fabric_with_node_gen:fabric_gen_new_way:with_jtag_input_gen:instrumentation_fabric|alt_sld_fab:instrumentation_fabric|alt_sld_fab_alt_sld_fab:alt_sld_fab|alt_sld_fab_alt_sld_fab_sldfabric:sldfabric|sld_jtag_hub:\jtag_hub_gen:real_sld_jtag_hub|sld_rom_sr:hub_info_reg   ; sld_rom_sr                        ; work         ;
;                      |sld_shadow_jsm:shadow_jsm|                                                                                        ; 18 (18)             ; 19 (19)                   ; 0                 ; 0          ; 0    ; 0            ; |DE1SOC_LCDLT24_1fas|sld_hub:auto_hub|alt_sld_fab_with_jtag_input:\instrumentation_fabric_with_node_gen:fabric_gen_new_way:with_jtag_input_gen:instrumentation_fabric|alt_sld_fab:instrumentation_fabric|alt_sld_fab_alt_sld_fab:alt_sld_fab|alt_sld_fab_alt_sld_fab_sldfabric:sldfabric|sld_jtag_hub:\jtag_hub_gen:real_sld_jtag_hub|sld_shadow_jsm:shadow_jsm ; sld_shadow_jsm                    ; altera_sld   ;
;    |sld_signaltap:auto_signaltap_0|                                                                                                     ; 270 (2)             ; 727 (66)                  ; 33792             ; 0          ; 0    ; 0            ; |DE1SOC_LCDLT24_1fas|sld_signaltap:auto_signaltap_0                                                                                                                                                                                                                                                                                                             ; sld_signaltap                     ; work         ;
;       |sld_signaltap_impl:sld_signaltap_body|                                                                                           ; 268 (0)             ; 661 (0)                   ; 33792             ; 0          ; 0    ; 0            ; |DE1SOC_LCDLT24_1fas|sld_signaltap:auto_signaltap_0|sld_signaltap_impl:sld_signaltap_body                                                                                                                                                                                                                                                                       ; sld_signaltap_impl                ; work         ;
;          |sld_signaltap_implb:sld_signaltap_body|                                                                                       ; 268 (67)            ; 661 (212)                 ; 33792             ; 0          ; 0    ; 0            ; |DE1SOC_LCDLT24_1fas|sld_signaltap:auto_signaltap_0|sld_signaltap_impl:sld_signaltap_body|sld_signaltap_implb:sld_signaltap_body                                                                                                                                                                                                                                ; sld_signaltap_implb               ; work         ;
;             |altdpram:\stp_non_zero_ram_gen:attribute_mem_gen:attribute_mem|                                                            ; 2 (0)               ; 64 (64)                   ; 0                 ; 0          ; 0    ; 0            ; |DE1SOC_LCDLT24_1fas|sld_signaltap:auto_signaltap_0|sld_signaltap_impl:sld_signaltap_body|sld_signaltap_implb:sld_signaltap_body|altdpram:\stp_non_zero_ram_gen:attribute_mem_gen:attribute_mem                                                                                                                                                                 ; altdpram                          ; work         ;
;                |lpm_decode:wdecoder|                                                                                                    ; 2 (0)               ; 0 (0)                     ; 0                 ; 0          ; 0    ; 0            ; |DE1SOC_LCDLT24_1fas|sld_signaltap:auto_signaltap_0|sld_signaltap_impl:sld_signaltap_body|sld_signaltap_implb:sld_signaltap_body|altdpram:\stp_non_zero_ram_gen:attribute_mem_gen:attribute_mem|lpm_decode:wdecoder                                                                                                                                             ; lpm_decode                        ; work         ;
;                   |decode_vnf:auto_generated|                                                                                           ; 2 (2)               ; 0 (0)                     ; 0                 ; 0          ; 0    ; 0            ; |DE1SOC_LCDLT24_1fas|sld_signaltap:auto_signaltap_0|sld_signaltap_impl:sld_signaltap_body|sld_signaltap_implb:sld_signaltap_body|altdpram:\stp_non_zero_ram_gen:attribute_mem_gen:attribute_mem|lpm_decode:wdecoder|decode_vnf:auto_generated                                                                                                                   ; decode_vnf                        ; work         ;
;             |altsyncram:\stp_non_zero_ram_gen:stp_buffer_ram|                                                                           ; 0 (0)               ; 0 (0)                     ; 33792             ; 0          ; 0    ; 0            ; |DE1SOC_LCDLT24_1fas|sld_signaltap:auto_signaltap_0|sld_signaltap_impl:sld_signaltap_body|sld_signaltap_implb:sld_signaltap_body|altsyncram:\stp_non_zero_ram_gen:stp_buffer_ram                                                                                                                                                                                ; altsyncram                        ; work         ;
;                |altsyncram_ug84:auto_generated|                                                                                         ; 0 (0)               ; 0 (0)                     ; 33792             ; 0          ; 0    ; 0            ; |DE1SOC_LCDLT24_1fas|sld_signaltap:auto_signaltap_0|sld_signaltap_impl:sld_signaltap_body|sld_signaltap_implb:sld_signaltap_body|altsyncram:\stp_non_zero_ram_gen:stp_buffer_ram|altsyncram_ug84:auto_generated                                                                                                                                                 ; altsyncram_ug84                   ; work         ;
;             |lpm_shiftreg:segment_offset_config_deserialize|                                                                            ; 0 (0)               ; 10 (10)                   ; 0                 ; 0          ; 0    ; 0            ; |DE1SOC_LCDLT24_1fas|sld_signaltap:auto_signaltap_0|sld_signaltap_impl:sld_signaltap_body|sld_signaltap_implb:sld_signaltap_body|lpm_shiftreg:segment_offset_config_deserialize                                                                                                                                                                                 ; lpm_shiftreg                      ; work         ;
;             |lpm_shiftreg:status_register|                                                                                              ; 17 (17)             ; 17 (17)                   ; 0                 ; 0          ; 0    ; 0            ; |DE1SOC_LCDLT24_1fas|sld_signaltap:auto_signaltap_0|sld_signaltap_impl:sld_signaltap_body|sld_signaltap_implb:sld_signaltap_body|lpm_shiftreg:status_register                                                                                                                                                                                                   ; lpm_shiftreg                      ; work         ;
;             |serial_crc_16:\tdo_crc_gen:tdo_crc_calc|                                                                                   ; 4 (4)               ; 13 (13)                   ; 0                 ; 0          ; 0    ; 0            ; |DE1SOC_LCDLT24_1fas|sld_signaltap:auto_signaltap_0|sld_signaltap_impl:sld_signaltap_body|sld_signaltap_implb:sld_signaltap_body|serial_crc_16:\tdo_crc_gen:tdo_crc_calc                                                                                                                                                                                        ; serial_crc_16                     ; work         ;
;             |sld_buffer_manager:sld_buffer_manager_inst|                                                                                ; 75 (75)             ; 59 (59)                   ; 0                 ; 0          ; 0    ; 0            ; |DE1SOC_LCDLT24_1fas|sld_signaltap:auto_signaltap_0|sld_signaltap_impl:sld_signaltap_body|sld_signaltap_implb:sld_signaltap_body|sld_buffer_manager:sld_buffer_manager_inst                                                                                                                                                                                     ; sld_buffer_manager                ; work         ;
;             |sld_ela_control:ela_control|                                                                                               ; 42 (1)              ; 181 (1)                   ; 0                 ; 0          ; 0    ; 0            ; |DE1SOC_LCDLT24_1fas|sld_signaltap:auto_signaltap_0|sld_signaltap_impl:sld_signaltap_body|sld_signaltap_implb:sld_signaltap_body|sld_ela_control:ela_control                                                                                                                                                                                                    ; sld_ela_control                   ; work         ;
;                |lpm_shiftreg:trigger_config_deserialize|                                                                                ; 0 (0)               ; 4 (4)                     ; 0                 ; 0          ; 0    ; 0            ; |DE1SOC_LCDLT24_1fas|sld_signaltap:auto_signaltap_0|sld_signaltap_impl:sld_signaltap_body|sld_signaltap_implb:sld_signaltap_body|sld_ela_control:ela_control|lpm_shiftreg:trigger_config_deserialize                                                                                                                                                            ; lpm_shiftreg                      ; work         ;
;                |sld_ela_basic_multi_level_trigger:\basic_multi_level_mbpm_trigger_gen:multi_level_mbpm|                                 ; 33 (0)              ; 165 (0)                   ; 0                 ; 0          ; 0    ; 0            ; |DE1SOC_LCDLT24_1fas|sld_signaltap:auto_signaltap_0|sld_signaltap_impl:sld_signaltap_body|sld_signaltap_implb:sld_signaltap_body|sld_ela_control:ela_control|sld_ela_basic_multi_level_trigger:\basic_multi_level_mbpm_trigger_gen:multi_level_mbpm                                                                                                             ; sld_ela_basic_multi_level_trigger ; work         ;
;                   |lpm_shiftreg:trigger_condition_deserialize|                                                                          ; 0 (0)               ; 99 (99)                   ; 0                 ; 0          ; 0    ; 0            ; |DE1SOC_LCDLT24_1fas|sld_signaltap:auto_signaltap_0|sld_signaltap_impl:sld_signaltap_body|sld_signaltap_implb:sld_signaltap_body|sld_ela_control:ela_control|sld_ela_basic_multi_level_trigger:\basic_multi_level_mbpm_trigger_gen:multi_level_mbpm|lpm_shiftreg:trigger_condition_deserialize                                                                  ; lpm_shiftreg                      ; work         ;
;                   |sld_mbpmg:\trigger_modules_gen:0:trigger_match|                                                                      ; 33 (0)              ; 66 (0)                    ; 0                 ; 0          ; 0    ; 0            ; |DE1SOC_LCDLT24_1fas|sld_signaltap:auto_signaltap_0|sld_signaltap_impl:sld_signaltap_body|sld_signaltap_implb:sld_signaltap_body|sld_ela_control:ela_control|sld_ela_basic_multi_level_trigger:\basic_multi_level_mbpm_trigger_gen:multi_level_mbpm|sld_mbpmg:\trigger_modules_gen:0:trigger_match                                                              ; sld_mbpmg                         ; work         ;
;                      |sld_sbpmg:\gen_sbpmg_pipeline_less_than_two:sm0:0:sm1|                                                            ; 1 (1)               ; 2 (2)                     ; 0                 ; 0          ; 0    ; 0            ; |DE1SOC_LCDLT24_1fas|sld_signaltap:auto_signaltap_0|sld_signaltap_impl:sld_signaltap_body|sld_signaltap_implb:sld_signaltap_body|sld_ela_control:ela_control|sld_ela_basic_multi_level_trigger:\basic_multi_level_mbpm_trigger_gen:multi_level_mbpm|sld_mbpmg:\trigger_modules_gen:0:trigger_match|sld_sbpmg:\gen_sbpmg_pipeline_less_than_two:sm0:0:sm1        ; sld_sbpmg                         ; work         ;
;                      |sld_sbpmg:\gen_sbpmg_pipeline_less_than_two:sm0:10:sm1|                                                           ; 1 (1)               ; 2 (2)                     ; 0                 ; 0          ; 0    ; 0            ; |DE1SOC_LCDLT24_1fas|sld_signaltap:auto_signaltap_0|sld_signaltap_impl:sld_signaltap_body|sld_signaltap_implb:sld_signaltap_body|sld_ela_control:ela_control|sld_ela_basic_multi_level_trigger:\basic_multi_level_mbpm_trigger_gen:multi_level_mbpm|sld_mbpmg:\trigger_modules_gen:0:trigger_match|sld_sbpmg:\gen_sbpmg_pipeline_less_than_two:sm0:10:sm1       ; sld_sbpmg                         ; work         ;
;                      |sld_sbpmg:\gen_sbpmg_pipeline_less_than_two:sm0:11:sm1|                                                           ; 1 (1)               ; 2 (2)                     ; 0                 ; 0          ; 0    ; 0            ; |DE1SOC_LCDLT24_1fas|sld_signaltap:auto_signaltap_0|sld_signaltap_impl:sld_signaltap_body|sld_signaltap_implb:sld_signaltap_body|sld_ela_control:ela_control|sld_ela_basic_multi_level_trigger:\basic_multi_level_mbpm_trigger_gen:multi_level_mbpm|sld_mbpmg:\trigger_modules_gen:0:trigger_match|sld_sbpmg:\gen_sbpmg_pipeline_less_than_two:sm0:11:sm1       ; sld_sbpmg                         ; work         ;
;                      |sld_sbpmg:\gen_sbpmg_pipeline_less_than_two:sm0:12:sm1|                                                           ; 1 (1)               ; 2 (2)                     ; 0                 ; 0          ; 0    ; 0            ; |DE1SOC_LCDLT24_1fas|sld_signaltap:auto_signaltap_0|sld_signaltap_impl:sld_signaltap_body|sld_signaltap_implb:sld_signaltap_body|sld_ela_control:ela_control|sld_ela_basic_multi_level_trigger:\basic_multi_level_mbpm_trigger_gen:multi_level_mbpm|sld_mbpmg:\trigger_modules_gen:0:trigger_match|sld_sbpmg:\gen_sbpmg_pipeline_less_than_two:sm0:12:sm1       ; sld_sbpmg                         ; work         ;
;                      |sld_sbpmg:\gen_sbpmg_pipeline_less_than_two:sm0:13:sm1|                                                           ; 1 (1)               ; 2 (2)                     ; 0                 ; 0          ; 0    ; 0            ; |DE1SOC_LCDLT24_1fas|sld_signaltap:auto_signaltap_0|sld_signaltap_impl:sld_signaltap_body|sld_signaltap_implb:sld_signaltap_body|sld_ela_control:ela_control|sld_ela_basic_multi_level_trigger:\basic_multi_level_mbpm_trigger_gen:multi_level_mbpm|sld_mbpmg:\trigger_modules_gen:0:trigger_match|sld_sbpmg:\gen_sbpmg_pipeline_less_than_two:sm0:13:sm1       ; sld_sbpmg                         ; work         ;
;                      |sld_sbpmg:\gen_sbpmg_pipeline_less_than_two:sm0:14:sm1|                                                           ; 1 (1)               ; 2 (2)                     ; 0                 ; 0          ; 0    ; 0            ; |DE1SOC_LCDLT24_1fas|sld_signaltap:auto_signaltap_0|sld_signaltap_impl:sld_signaltap_body|sld_signaltap_implb:sld_signaltap_body|sld_ela_control:ela_control|sld_ela_basic_multi_level_trigger:\basic_multi_level_mbpm_trigger_gen:multi_level_mbpm|sld_mbpmg:\trigger_modules_gen:0:trigger_match|sld_sbpmg:\gen_sbpmg_pipeline_less_than_two:sm0:14:sm1       ; sld_sbpmg                         ; work         ;
;                      |sld_sbpmg:\gen_sbpmg_pipeline_less_than_two:sm0:15:sm1|                                                           ; 1 (1)               ; 2 (2)                     ; 0                 ; 0          ; 0    ; 0            ; |DE1SOC_LCDLT24_1fas|sld_signaltap:auto_signaltap_0|sld_signaltap_impl:sld_signaltap_body|sld_signaltap_implb:sld_signaltap_body|sld_ela_control:ela_control|sld_ela_basic_multi_level_trigger:\basic_multi_level_mbpm_trigger_gen:multi_level_mbpm|sld_mbpmg:\trigger_modules_gen:0:trigger_match|sld_sbpmg:\gen_sbpmg_pipeline_less_than_two:sm0:15:sm1       ; sld_sbpmg                         ; work         ;
;                      |sld_sbpmg:\gen_sbpmg_pipeline_less_than_two:sm0:16:sm1|                                                           ; 1 (1)               ; 2 (2)                     ; 0                 ; 0          ; 0    ; 0            ; |DE1SOC_LCDLT24_1fas|sld_signaltap:auto_signaltap_0|sld_signaltap_impl:sld_signaltap_body|sld_signaltap_implb:sld_signaltap_body|sld_ela_control:ela_control|sld_ela_basic_multi_level_trigger:\basic_multi_level_mbpm_trigger_gen:multi_level_mbpm|sld_mbpmg:\trigger_modules_gen:0:trigger_match|sld_sbpmg:\gen_sbpmg_pipeline_less_than_two:sm0:16:sm1       ; sld_sbpmg                         ; work         ;
;                      |sld_sbpmg:\gen_sbpmg_pipeline_less_than_two:sm0:17:sm1|                                                           ; 1 (1)               ; 2 (2)                     ; 0                 ; 0          ; 0    ; 0            ; |DE1SOC_LCDLT24_1fas|sld_signaltap:auto_signaltap_0|sld_signaltap_impl:sld_signaltap_body|sld_signaltap_implb:sld_signaltap_body|sld_ela_control:ela_control|sld_ela_basic_multi_level_trigger:\basic_multi_level_mbpm_trigger_gen:multi_level_mbpm|sld_mbpmg:\trigger_modules_gen:0:trigger_match|sld_sbpmg:\gen_sbpmg_pipeline_less_than_two:sm0:17:sm1       ; sld_sbpmg                         ; work         ;
;                      |sld_sbpmg:\gen_sbpmg_pipeline_less_than_two:sm0:18:sm1|                                                           ; 1 (1)               ; 2 (2)                     ; 0                 ; 0          ; 0    ; 0            ; |DE1SOC_LCDLT24_1fas|sld_signaltap:auto_signaltap_0|sld_signaltap_impl:sld_signaltap_body|sld_signaltap_implb:sld_signaltap_body|sld_ela_control:ela_control|sld_ela_basic_multi_level_trigger:\basic_multi_level_mbpm_trigger_gen:multi_level_mbpm|sld_mbpmg:\trigger_modules_gen:0:trigger_match|sld_sbpmg:\gen_sbpmg_pipeline_less_than_two:sm0:18:sm1       ; sld_sbpmg                         ; work         ;
;                      |sld_sbpmg:\gen_sbpmg_pipeline_less_than_two:sm0:19:sm1|                                                           ; 1 (1)               ; 2 (2)                     ; 0                 ; 0          ; 0    ; 0            ; |DE1SOC_LCDLT24_1fas|sld_signaltap:auto_signaltap_0|sld_signaltap_impl:sld_signaltap_body|sld_signaltap_implb:sld_signaltap_body|sld_ela_control:ela_control|sld_ela_basic_multi_level_trigger:\basic_multi_level_mbpm_trigger_gen:multi_level_mbpm|sld_mbpmg:\trigger_modules_gen:0:trigger_match|sld_sbpmg:\gen_sbpmg_pipeline_less_than_two:sm0:19:sm1       ; sld_sbpmg                         ; work         ;
;                      |sld_sbpmg:\gen_sbpmg_pipeline_less_than_two:sm0:1:sm1|                                                            ; 1 (1)               ; 2 (2)                     ; 0                 ; 0          ; 0    ; 0            ; |DE1SOC_LCDLT24_1fas|sld_signaltap:auto_signaltap_0|sld_signaltap_impl:sld_signaltap_body|sld_signaltap_implb:sld_signaltap_body|sld_ela_control:ela_control|sld_ela_basic_multi_level_trigger:\basic_multi_level_mbpm_trigger_gen:multi_level_mbpm|sld_mbpmg:\trigger_modules_gen:0:trigger_match|sld_sbpmg:\gen_sbpmg_pipeline_less_than_two:sm0:1:sm1        ; sld_sbpmg                         ; work         ;
;                      |sld_sbpmg:\gen_sbpmg_pipeline_less_than_two:sm0:20:sm1|                                                           ; 1 (1)               ; 2 (2)                     ; 0                 ; 0          ; 0    ; 0            ; |DE1SOC_LCDLT24_1fas|sld_signaltap:auto_signaltap_0|sld_signaltap_impl:sld_signaltap_body|sld_signaltap_implb:sld_signaltap_body|sld_ela_control:ela_control|sld_ela_basic_multi_level_trigger:\basic_multi_level_mbpm_trigger_gen:multi_level_mbpm|sld_mbpmg:\trigger_modules_gen:0:trigger_match|sld_sbpmg:\gen_sbpmg_pipeline_less_than_two:sm0:20:sm1       ; sld_sbpmg                         ; work         ;
;                      |sld_sbpmg:\gen_sbpmg_pipeline_less_than_two:sm0:21:sm1|                                                           ; 1 (1)               ; 2 (2)                     ; 0                 ; 0          ; 0    ; 0            ; |DE1SOC_LCDLT24_1fas|sld_signaltap:auto_signaltap_0|sld_signaltap_impl:sld_signaltap_body|sld_signaltap_implb:sld_signaltap_body|sld_ela_control:ela_control|sld_ela_basic_multi_level_trigger:\basic_multi_level_mbpm_trigger_gen:multi_level_mbpm|sld_mbpmg:\trigger_modules_gen:0:trigger_match|sld_sbpmg:\gen_sbpmg_pipeline_less_than_two:sm0:21:sm1       ; sld_sbpmg                         ; work         ;
;                      |sld_sbpmg:\gen_sbpmg_pipeline_less_than_two:sm0:22:sm1|                                                           ; 1 (1)               ; 2 (2)                     ; 0                 ; 0          ; 0    ; 0            ; |DE1SOC_LCDLT24_1fas|sld_signaltap:auto_signaltap_0|sld_signaltap_impl:sld_signaltap_body|sld_signaltap_implb:sld_signaltap_body|sld_ela_control:ela_control|sld_ela_basic_multi_level_trigger:\basic_multi_level_mbpm_trigger_gen:multi_level_mbpm|sld_mbpmg:\trigger_modules_gen:0:trigger_match|sld_sbpmg:\gen_sbpmg_pipeline_less_than_two:sm0:22:sm1       ; sld_sbpmg                         ; work         ;
;                      |sld_sbpmg:\gen_sbpmg_pipeline_less_than_two:sm0:23:sm1|                                                           ; 1 (1)               ; 2 (2)                     ; 0                 ; 0          ; 0    ; 0            ; |DE1SOC_LCDLT24_1fas|sld_signaltap:auto_signaltap_0|sld_signaltap_impl:sld_signaltap_body|sld_signaltap_implb:sld_signaltap_body|sld_ela_control:ela_control|sld_ela_basic_multi_level_trigger:\basic_multi_level_mbpm_trigger_gen:multi_level_mbpm|sld_mbpmg:\trigger_modules_gen:0:trigger_match|sld_sbpmg:\gen_sbpmg_pipeline_less_than_two:sm0:23:sm1       ; sld_sbpmg                         ; work         ;
;                      |sld_sbpmg:\gen_sbpmg_pipeline_less_than_two:sm0:24:sm1|                                                           ; 1 (1)               ; 2 (2)                     ; 0                 ; 0          ; 0    ; 0            ; |DE1SOC_LCDLT24_1fas|sld_signaltap:auto_signaltap_0|sld_signaltap_impl:sld_signaltap_body|sld_signaltap_implb:sld_signaltap_body|sld_ela_control:ela_control|sld_ela_basic_multi_level_trigger:\basic_multi_level_mbpm_trigger_gen:multi_level_mbpm|sld_mbpmg:\trigger_modules_gen:0:trigger_match|sld_sbpmg:\gen_sbpmg_pipeline_less_than_two:sm0:24:sm1       ; sld_sbpmg                         ; work         ;
;                      |sld_sbpmg:\gen_sbpmg_pipeline_less_than_two:sm0:25:sm1|                                                           ; 1 (1)               ; 2 (2)                     ; 0                 ; 0          ; 0    ; 0            ; |DE1SOC_LCDLT24_1fas|sld_signaltap:auto_signaltap_0|sld_signaltap_impl:sld_signaltap_body|sld_signaltap_implb:sld_signaltap_body|sld_ela_control:ela_control|sld_ela_basic_multi_level_trigger:\basic_multi_level_mbpm_trigger_gen:multi_level_mbpm|sld_mbpmg:\trigger_modules_gen:0:trigger_match|sld_sbpmg:\gen_sbpmg_pipeline_less_than_two:sm0:25:sm1       ; sld_sbpmg                         ; work         ;
;                      |sld_sbpmg:\gen_sbpmg_pipeline_less_than_two:sm0:26:sm1|                                                           ; 1 (1)               ; 2 (2)                     ; 0                 ; 0          ; 0    ; 0            ; |DE1SOC_LCDLT24_1fas|sld_signaltap:auto_signaltap_0|sld_signaltap_impl:sld_signaltap_body|sld_signaltap_implb:sld_signaltap_body|sld_ela_control:ela_control|sld_ela_basic_multi_level_trigger:\basic_multi_level_mbpm_trigger_gen:multi_level_mbpm|sld_mbpmg:\trigger_modules_gen:0:trigger_match|sld_sbpmg:\gen_sbpmg_pipeline_less_than_two:sm0:26:sm1       ; sld_sbpmg                         ; work         ;
;                      |sld_sbpmg:\gen_sbpmg_pipeline_less_than_two:sm0:27:sm1|                                                           ; 1 (1)               ; 2 (2)                     ; 0                 ; 0          ; 0    ; 0            ; |DE1SOC_LCDLT24_1fas|sld_signaltap:auto_signaltap_0|sld_signaltap_impl:sld_signaltap_body|sld_signaltap_implb:sld_signaltap_body|sld_ela_control:ela_control|sld_ela_basic_multi_level_trigger:\basic_multi_level_mbpm_trigger_gen:multi_level_mbpm|sld_mbpmg:\trigger_modules_gen:0:trigger_match|sld_sbpmg:\gen_sbpmg_pipeline_less_than_two:sm0:27:sm1       ; sld_sbpmg                         ; work         ;
;                      |sld_sbpmg:\gen_sbpmg_pipeline_less_than_two:sm0:28:sm1|                                                           ; 1 (1)               ; 2 (2)                     ; 0                 ; 0          ; 0    ; 0            ; |DE1SOC_LCDLT24_1fas|sld_signaltap:auto_signaltap_0|sld_signaltap_impl:sld_signaltap_body|sld_signaltap_implb:sld_signaltap_body|sld_ela_control:ela_control|sld_ela_basic_multi_level_trigger:\basic_multi_level_mbpm_trigger_gen:multi_level_mbpm|sld_mbpmg:\trigger_modules_gen:0:trigger_match|sld_sbpmg:\gen_sbpmg_pipeline_less_than_two:sm0:28:sm1       ; sld_sbpmg                         ; work         ;
;                      |sld_sbpmg:\gen_sbpmg_pipeline_less_than_two:sm0:29:sm1|                                                           ; 1 (1)               ; 2 (2)                     ; 0                 ; 0          ; 0    ; 0            ; |DE1SOC_LCDLT24_1fas|sld_signaltap:auto_signaltap_0|sld_signaltap_impl:sld_signaltap_body|sld_signaltap_implb:sld_signaltap_body|sld_ela_control:ela_control|sld_ela_basic_multi_level_trigger:\basic_multi_level_mbpm_trigger_gen:multi_level_mbpm|sld_mbpmg:\trigger_modules_gen:0:trigger_match|sld_sbpmg:\gen_sbpmg_pipeline_less_than_two:sm0:29:sm1       ; sld_sbpmg                         ; work         ;
;                      |sld_sbpmg:\gen_sbpmg_pipeline_less_than_two:sm0:2:sm1|                                                            ; 1 (1)               ; 2 (2)                     ; 0                 ; 0          ; 0    ; 0            ; |DE1SOC_LCDLT24_1fas|sld_signaltap:auto_signaltap_0|sld_signaltap_impl:sld_signaltap_body|sld_signaltap_implb:sld_signaltap_body|sld_ela_control:ela_control|sld_ela_basic_multi_level_trigger:\basic_multi_level_mbpm_trigger_gen:multi_level_mbpm|sld_mbpmg:\trigger_modules_gen:0:trigger_match|sld_sbpmg:\gen_sbpmg_pipeline_less_than_two:sm0:2:sm1        ; sld_sbpmg                         ; work         ;
;                      |sld_sbpmg:\gen_sbpmg_pipeline_less_than_two:sm0:30:sm1|                                                           ; 1 (1)               ; 2 (2)                     ; 0                 ; 0          ; 0    ; 0            ; |DE1SOC_LCDLT24_1fas|sld_signaltap:auto_signaltap_0|sld_signaltap_impl:sld_signaltap_body|sld_signaltap_implb:sld_signaltap_body|sld_ela_control:ela_control|sld_ela_basic_multi_level_trigger:\basic_multi_level_mbpm_trigger_gen:multi_level_mbpm|sld_mbpmg:\trigger_modules_gen:0:trigger_match|sld_sbpmg:\gen_sbpmg_pipeline_less_than_two:sm0:30:sm1       ; sld_sbpmg                         ; work         ;
;                      |sld_sbpmg:\gen_sbpmg_pipeline_less_than_two:sm0:31:sm1|                                                           ; 1 (1)               ; 2 (2)                     ; 0                 ; 0          ; 0    ; 0            ; |DE1SOC_LCDLT24_1fas|sld_signaltap:auto_signaltap_0|sld_signaltap_impl:sld_signaltap_body|sld_signaltap_implb:sld_signaltap_body|sld_ela_control:ela_control|sld_ela_basic_multi_level_trigger:\basic_multi_level_mbpm_trigger_gen:multi_level_mbpm|sld_mbpmg:\trigger_modules_gen:0:trigger_match|sld_sbpmg:\gen_sbpmg_pipeline_less_than_two:sm0:31:sm1       ; sld_sbpmg                         ; work         ;
;                      |sld_sbpmg:\gen_sbpmg_pipeline_less_than_two:sm0:32:sm1|                                                           ; 1 (1)               ; 2 (2)                     ; 0                 ; 0          ; 0    ; 0            ; |DE1SOC_LCDLT24_1fas|sld_signaltap:auto_signaltap_0|sld_signaltap_impl:sld_signaltap_body|sld_signaltap_implb:sld_signaltap_body|sld_ela_control:ela_control|sld_ela_basic_multi_level_trigger:\basic_multi_level_mbpm_trigger_gen:multi_level_mbpm|sld_mbpmg:\trigger_modules_gen:0:trigger_match|sld_sbpmg:\gen_sbpmg_pipeline_less_than_two:sm0:32:sm1       ; sld_sbpmg                         ; work         ;
;                      |sld_sbpmg:\gen_sbpmg_pipeline_less_than_two:sm0:3:sm1|                                                            ; 1 (1)               ; 2 (2)                     ; 0                 ; 0          ; 0    ; 0            ; |DE1SOC_LCDLT24_1fas|sld_signaltap:auto_signaltap_0|sld_signaltap_impl:sld_signaltap_body|sld_signaltap_implb:sld_signaltap_body|sld_ela_control:ela_control|sld_ela_basic_multi_level_trigger:\basic_multi_level_mbpm_trigger_gen:multi_level_mbpm|sld_mbpmg:\trigger_modules_gen:0:trigger_match|sld_sbpmg:\gen_sbpmg_pipeline_less_than_two:sm0:3:sm1        ; sld_sbpmg                         ; work         ;
;                      |sld_sbpmg:\gen_sbpmg_pipeline_less_than_two:sm0:4:sm1|                                                            ; 1 (1)               ; 2 (2)                     ; 0                 ; 0          ; 0    ; 0            ; |DE1SOC_LCDLT24_1fas|sld_signaltap:auto_signaltap_0|sld_signaltap_impl:sld_signaltap_body|sld_signaltap_implb:sld_signaltap_body|sld_ela_control:ela_control|sld_ela_basic_multi_level_trigger:\basic_multi_level_mbpm_trigger_gen:multi_level_mbpm|sld_mbpmg:\trigger_modules_gen:0:trigger_match|sld_sbpmg:\gen_sbpmg_pipeline_less_than_two:sm0:4:sm1        ; sld_sbpmg                         ; work         ;
;                      |sld_sbpmg:\gen_sbpmg_pipeline_less_than_two:sm0:5:sm1|                                                            ; 1 (1)               ; 2 (2)                     ; 0                 ; 0          ; 0    ; 0            ; |DE1SOC_LCDLT24_1fas|sld_signaltap:auto_signaltap_0|sld_signaltap_impl:sld_signaltap_body|sld_signaltap_implb:sld_signaltap_body|sld_ela_control:ela_control|sld_ela_basic_multi_level_trigger:\basic_multi_level_mbpm_trigger_gen:multi_level_mbpm|sld_mbpmg:\trigger_modules_gen:0:trigger_match|sld_sbpmg:\gen_sbpmg_pipeline_less_than_two:sm0:5:sm1        ; sld_sbpmg                         ; work         ;
;                      |sld_sbpmg:\gen_sbpmg_pipeline_less_than_two:sm0:6:sm1|                                                            ; 1 (1)               ; 2 (2)                     ; 0                 ; 0          ; 0    ; 0            ; |DE1SOC_LCDLT24_1fas|sld_signaltap:auto_signaltap_0|sld_signaltap_impl:sld_signaltap_body|sld_signaltap_implb:sld_signaltap_body|sld_ela_control:ela_control|sld_ela_basic_multi_level_trigger:\basic_multi_level_mbpm_trigger_gen:multi_level_mbpm|sld_mbpmg:\trigger_modules_gen:0:trigger_match|sld_sbpmg:\gen_sbpmg_pipeline_less_than_two:sm0:6:sm1        ; sld_sbpmg                         ; work         ;
;                      |sld_sbpmg:\gen_sbpmg_pipeline_less_than_two:sm0:7:sm1|                                                            ; 1 (1)               ; 2 (2)                     ; 0                 ; 0          ; 0    ; 0            ; |DE1SOC_LCDLT24_1fas|sld_signaltap:auto_signaltap_0|sld_signaltap_impl:sld_signaltap_body|sld_signaltap_implb:sld_signaltap_body|sld_ela_control:ela_control|sld_ela_basic_multi_level_trigger:\basic_multi_level_mbpm_trigger_gen:multi_level_mbpm|sld_mbpmg:\trigger_modules_gen:0:trigger_match|sld_sbpmg:\gen_sbpmg_pipeline_less_than_two:sm0:7:sm1        ; sld_sbpmg                         ; work         ;
;                      |sld_sbpmg:\gen_sbpmg_pipeline_less_than_two:sm0:8:sm1|                                                            ; 1 (1)               ; 2 (2)                     ; 0                 ; 0          ; 0    ; 0            ; |DE1SOC_LCDLT24_1fas|sld_signaltap:auto_signaltap_0|sld_signaltap_impl:sld_signaltap_body|sld_signaltap_implb:sld_signaltap_body|sld_ela_control:ela_control|sld_ela_basic_multi_level_trigger:\basic_multi_level_mbpm_trigger_gen:multi_level_mbpm|sld_mbpmg:\trigger_modules_gen:0:trigger_match|sld_sbpmg:\gen_sbpmg_pipeline_less_than_two:sm0:8:sm1        ; sld_sbpmg                         ; work         ;
;                      |sld_sbpmg:\gen_sbpmg_pipeline_less_than_two:sm0:9:sm1|                                                            ; 1 (1)               ; 2 (2)                     ; 0                 ; 0          ; 0    ; 0            ; |DE1SOC_LCDLT24_1fas|sld_signaltap:auto_signaltap_0|sld_signaltap_impl:sld_signaltap_body|sld_signaltap_implb:sld_signaltap_body|sld_ela_control:ela_control|sld_ela_basic_multi_level_trigger:\basic_multi_level_mbpm_trigger_gen:multi_level_mbpm|sld_mbpmg:\trigger_modules_gen:0:trigger_match|sld_sbpmg:\gen_sbpmg_pipeline_less_than_two:sm0:9:sm1        ; sld_sbpmg                         ; work         ;
;                |sld_ela_trigger_flow_mgr:\builtin:ela_trigger_flow_mgr_entity|                                                          ; 8 (8)               ; 11 (1)                    ; 0                 ; 0          ; 0    ; 0            ; |DE1SOC_LCDLT24_1fas|sld_signaltap:auto_signaltap_0|sld_signaltap_impl:sld_signaltap_body|sld_signaltap_implb:sld_signaltap_body|sld_ela_control:ela_control|sld_ela_trigger_flow_mgr:\builtin:ela_trigger_flow_mgr_entity                                                                                                                                      ; sld_ela_trigger_flow_mgr          ; work         ;
;                   |lpm_shiftreg:trigger_config_deserialize|                                                                             ; 0 (0)               ; 10 (10)                   ; 0                 ; 0          ; 0    ; 0            ; |DE1SOC_LCDLT24_1fas|sld_signaltap:auto_signaltap_0|sld_signaltap_impl:sld_signaltap_body|sld_signaltap_implb:sld_signaltap_body|sld_ela_control:ela_control|sld_ela_trigger_flow_mgr:\builtin:ela_trigger_flow_mgr_entity|lpm_shiftreg:trigger_config_deserialize                                                                                              ; lpm_shiftreg                      ; work         ;
;             |sld_offload_buffer_mgr:\stp_non_zero_depth_offload_gen:stp_offload_buff_mgr_inst|                                          ; 41 (11)             ; 97 (0)                    ; 0                 ; 0          ; 0    ; 0            ; |DE1SOC_LCDLT24_1fas|sld_signaltap:auto_signaltap_0|sld_signaltap_impl:sld_signaltap_body|sld_signaltap_implb:sld_signaltap_body|sld_offload_buffer_mgr:\stp_non_zero_depth_offload_gen:stp_offload_buff_mgr_inst                                                                                                                                               ; sld_offload_buffer_mgr            ; work         ;
;                |lpm_counter:\adv_point_3_and_more:advance_pointer_counter|                                                              ; 8 (0)               ; 6 (0)                     ; 0                 ; 0          ; 0    ; 0            ; |DE1SOC_LCDLT24_1fas|sld_signaltap:auto_signaltap_0|sld_signaltap_impl:sld_signaltap_body|sld_signaltap_implb:sld_signaltap_body|sld_offload_buffer_mgr:\stp_non_zero_depth_offload_gen:stp_offload_buff_mgr_inst|lpm_counter:\adv_point_3_and_more:advance_pointer_counter                                                                                     ; lpm_counter                       ; work         ;
;                   |cntr_29i:auto_generated|                                                                                             ; 8 (8)               ; 6 (6)                     ; 0                 ; 0          ; 0    ; 0            ; |DE1SOC_LCDLT24_1fas|sld_signaltap:auto_signaltap_0|sld_signaltap_impl:sld_signaltap_body|sld_signaltap_implb:sld_signaltap_body|sld_offload_buffer_mgr:\stp_non_zero_depth_offload_gen:stp_offload_buff_mgr_inst|lpm_counter:\adv_point_3_and_more:advance_pointer_counter|cntr_29i:auto_generated                                                             ; cntr_29i                          ; work         ;
;                |lpm_counter:read_pointer_counter|                                                                                       ; 10 (0)              ; 10 (0)                    ; 0                 ; 0          ; 0    ; 0            ; |DE1SOC_LCDLT24_1fas|sld_signaltap:auto_signaltap_0|sld_signaltap_impl:sld_signaltap_body|sld_signaltap_implb:sld_signaltap_body|sld_offload_buffer_mgr:\stp_non_zero_depth_offload_gen:stp_offload_buff_mgr_inst|lpm_counter:read_pointer_counter                                                                                                              ; lpm_counter                       ; work         ;
;                   |cntr_q1j:auto_generated|                                                                                             ; 10 (10)             ; 10 (10)                   ; 0                 ; 0          ; 0    ; 0            ; |DE1SOC_LCDLT24_1fas|sld_signaltap:auto_signaltap_0|sld_signaltap_impl:sld_signaltap_body|sld_signaltap_implb:sld_signaltap_body|sld_offload_buffer_mgr:\stp_non_zero_depth_offload_gen:stp_offload_buff_mgr_inst|lpm_counter:read_pointer_counter|cntr_q1j:auto_generated                                                                                      ; cntr_q1j                          ; work         ;
;                |lpm_counter:status_advance_pointer_counter|                                                                             ; 7 (0)               ; 5 (0)                     ; 0                 ; 0          ; 0    ; 0            ; |DE1SOC_LCDLT24_1fas|sld_signaltap:auto_signaltap_0|sld_signaltap_impl:sld_signaltap_body|sld_signaltap_implb:sld_signaltap_body|sld_offload_buffer_mgr:\stp_non_zero_depth_offload_gen:stp_offload_buff_mgr_inst|lpm_counter:status_advance_pointer_counter                                                                                                    ; lpm_counter                       ; work         ;
;                   |cntr_u8i:auto_generated|                                                                                             ; 7 (7)               ; 5 (5)                     ; 0                 ; 0          ; 0    ; 0            ; |DE1SOC_LCDLT24_1fas|sld_signaltap:auto_signaltap_0|sld_signaltap_impl:sld_signaltap_body|sld_signaltap_implb:sld_signaltap_body|sld_offload_buffer_mgr:\stp_non_zero_depth_offload_gen:stp_offload_buff_mgr_inst|lpm_counter:status_advance_pointer_counter|cntr_u8i:auto_generated                                                                            ; cntr_u8i                          ; work         ;
;                |lpm_counter:status_read_pointer_counter|                                                                                ; 3 (0)               ; 1 (0)                     ; 0                 ; 0          ; 0    ; 0            ; |DE1SOC_LCDLT24_1fas|sld_signaltap:auto_signaltap_0|sld_signaltap_impl:sld_signaltap_body|sld_signaltap_implb:sld_signaltap_body|sld_offload_buffer_mgr:\stp_non_zero_depth_offload_gen:stp_offload_buff_mgr_inst|lpm_counter:status_read_pointer_counter                                                                                                       ; lpm_counter                       ; work         ;
;                   |cntr_kri:auto_generated|                                                                                             ; 3 (3)               ; 1 (1)                     ; 0                 ; 0          ; 0    ; 0            ; |DE1SOC_LCDLT24_1fas|sld_signaltap:auto_signaltap_0|sld_signaltap_impl:sld_signaltap_body|sld_signaltap_implb:sld_signaltap_body|sld_offload_buffer_mgr:\stp_non_zero_depth_offload_gen:stp_offload_buff_mgr_inst|lpm_counter:status_read_pointer_counter|cntr_kri:auto_generated                                                                               ; cntr_kri                          ; work         ;
;                |lpm_shiftreg:info_data_shift_out|                                                                                       ; 0 (0)               ; 21 (21)                   ; 0                 ; 0          ; 0    ; 0            ; |DE1SOC_LCDLT24_1fas|sld_signaltap:auto_signaltap_0|sld_signaltap_impl:sld_signaltap_body|sld_signaltap_implb:sld_signaltap_body|sld_offload_buffer_mgr:\stp_non_zero_depth_offload_gen:stp_offload_buff_mgr_inst|lpm_shiftreg:info_data_shift_out                                                                                                              ; lpm_shiftreg                      ; work         ;
;                |lpm_shiftreg:ram_data_shift_out|                                                                                        ; 1 (1)               ; 33 (33)                   ; 0                 ; 0          ; 0    ; 0            ; |DE1SOC_LCDLT24_1fas|sld_signaltap:auto_signaltap_0|sld_signaltap_impl:sld_signaltap_body|sld_signaltap_implb:sld_signaltap_body|sld_offload_buffer_mgr:\stp_non_zero_depth_offload_gen:stp_offload_buff_mgr_inst|lpm_shiftreg:ram_data_shift_out                                                                                                               ; lpm_shiftreg                      ; work         ;
;                |lpm_shiftreg:status_data_shift_out|                                                                                     ; 1 (1)               ; 21 (21)                   ; 0                 ; 0          ; 0    ; 0            ; |DE1SOC_LCDLT24_1fas|sld_signaltap:auto_signaltap_0|sld_signaltap_impl:sld_signaltap_body|sld_signaltap_implb:sld_signaltap_body|sld_offload_buffer_mgr:\stp_non_zero_depth_offload_gen:stp_offload_buff_mgr_inst|lpm_shiftreg:status_data_shift_out                                                                                                            ; lpm_shiftreg                      ; work         ;
;             |sld_rom_sr:crc_rom_sr|                                                                                                     ; 20 (20)             ; 8 (8)                     ; 0                 ; 0          ; 0    ; 0            ; |DE1SOC_LCDLT24_1fas|sld_signaltap:auto_signaltap_0|sld_signaltap_impl:sld_signaltap_body|sld_signaltap_implb:sld_signaltap_body|sld_rom_sr:crc_rom_sr                                                                                                                                                                                                          ; sld_rom_sr                        ; work         ;
+-----------------------------------------------------------------------------------------------------------------------------------------+---------------------+---------------------------+-------------------+------------+------+--------------+-----------------------------------------------------------------------------------------------------------------------------------------------------------------------------------------------------------------------------------------------------------------------------------------------------------------------------------------------------------------+-----------------------------------+--------------+
Note: For table entries with two numbers listed, the numbers in parentheses indicate the number of resources of the given type used by the specific entity alone. The numbers listed outside of parentheses indicate the total resources of the given type used by the specific entity and all of its sub-entities in the hierarchy.


+------------------------------------------------------------------------------------------------------------------------------------------------------------------------------------------------------------------------------------------------------------------------------------------------------------+
; Analysis & Synthesis RAM Summary                                                                                                                                                                                                                                                                           ;
+-------------------------------------------------------------------------------------------------------------------------------------------------------------------------------------------------------+------+------------------+--------------+--------------+--------------+--------------+-------+------+
; Name                                                                                                                                                                                                  ; Type ; Mode             ; Port A Depth ; Port A Width ; Port B Depth ; Port B Width ; Size  ; MIF  ;
+-------------------------------------------------------------------------------------------------------------------------------------------------------------------------------------------------------+------+------------------+--------------+--------------+--------------+--------------+-------+------+
; sld_signaltap:auto_signaltap_0|sld_signaltap_impl:sld_signaltap_body|sld_signaltap_implb:sld_signaltap_body|altsyncram:\stp_non_zero_ram_gen:stp_buffer_ram|altsyncram_ug84:auto_generated|ALTSYNCRAM ; AUTO ; Simple Dual Port ; 1024         ; 33           ; 1024         ; 33           ; 33792 ; None ;
+-------------------------------------------------------------------------------------------------------------------------------------------------------------------------------------------------------+------+------------------+--------------+--------------+--------------+--------------+-------+------+


+----------------------------------------------------------------------------------------------------------------------------------------------------------------------------------------------------------------------------------------------------------------------------------------------------------------------------------------------------------------------------+
; Analysis & Synthesis IP Cores Summary                                                                                                                                                                                                                                                                                                                                      ;
+--------+--------------+---------+--------------+--------------+------------------------------------------------------------------------------------------------------------------------------------------------------------------------------------------------------------------------------------------------------------------------------------------+-----------------+
; Vendor ; IP Core Name ; Version ; Release Date ; License Type ; Entity Instance                                                                                                                                                                                                                                                                          ; IP Include File ;
+--------+--------------+---------+--------------+--------------+------------------------------------------------------------------------------------------------------------------------------------------------------------------------------------------------------------------------------------------------------------------------------------------+-----------------+
; Altera ; Signal Tap   ; N/A     ; N/A          ; Licensed     ; |DE1SOC_LCDLT24_1fas|sld_hub:auto_hub|alt_sld_fab_with_jtag_input:\instrumentation_fabric_with_node_gen:fabric_gen_new_way:with_jtag_input_gen:instrumentation_fabric|alt_sld_fab:instrumentation_fabric                                                                                 ;                 ;
; Altera ; Signal Tap   ; N/A     ; N/A          ; Licensed     ; |DE1SOC_LCDLT24_1fas|sld_hub:auto_hub|alt_sld_fab_with_jtag_input:\instrumentation_fabric_with_node_gen:fabric_gen_new_way:with_jtag_input_gen:instrumentation_fabric|alt_sld_fab:instrumentation_fabric|alt_sld_fab_alt_sld_fab:alt_sld_fab                                             ;                 ;
; Altera ; Signal Tap   ; N/A     ; N/A          ; Licensed     ; |DE1SOC_LCDLT24_1fas|sld_hub:auto_hub|alt_sld_fab_with_jtag_input:\instrumentation_fabric_with_node_gen:fabric_gen_new_way:with_jtag_input_gen:instrumentation_fabric|alt_sld_fab:instrumentation_fabric|alt_sld_fab_alt_sld_fab:alt_sld_fab|alt_sld_fab_alt_sld_fab_presplit:presplit   ;                 ;
; Altera ; Signal Tap   ; N/A     ; N/A          ; Licensed     ; |DE1SOC_LCDLT24_1fas|sld_hub:auto_hub|alt_sld_fab_with_jtag_input:\instrumentation_fabric_with_node_gen:fabric_gen_new_way:with_jtag_input_gen:instrumentation_fabric|alt_sld_fab:instrumentation_fabric|alt_sld_fab_alt_sld_fab:alt_sld_fab|alt_sld_fab_alt_sld_fab_sldfabric:sldfabric ;                 ;
; Altera ; Signal Tap   ; N/A     ; N/A          ; Licensed     ; |DE1SOC_LCDLT24_1fas|sld_hub:auto_hub|alt_sld_fab_with_jtag_input:\instrumentation_fabric_with_node_gen:fabric_gen_new_way:with_jtag_input_gen:instrumentation_fabric|alt_sld_fab:instrumentation_fabric|alt_sld_fab_alt_sld_fab:alt_sld_fab|alt_sld_fab_alt_sld_fab_splitter:splitter   ;                 ;
+--------+--------------+---------+--------------+--------------+------------------------------------------------------------------------------------------------------------------------------------------------------------------------------------------------------------------------------------------------------------------------------------------+-----------------+


Encoding Type:  One-Hot
+--------------------------------------------------------------------+
; State Machine - |DE1SOC_LCDLT24_1fas|lcd_translator:O6_LCDTRANS|EP ;
+-------+-------+-------+--------------------------------------------+
; Name  ; EP.E2 ; EP.E1 ; EP.E0                                      ;
+-------+-------+-------+--------------------------------------------+
; EP.E0 ; 0     ; 0     ; 0                                          ;
; EP.E1 ; 0     ; 1     ; 1                                          ;
; EP.E2 ; 1     ; 0     ; 1                                          ;
+-------+-------+-------+--------------------------------------------+


Encoding Type:  One-Hot
+---------------------------------------------------------------+
; State Machine - |DE1SOC_LCDLT24_1fas|lcd_filter:O5_LCDFILT|EP ;
+-------+-------+-------+-------+-------+-------+---------------+
; Name  ; EP.E5 ; EP.E4 ; EP.E3 ; EP.E2 ; EP.E1 ; EP.E0         ;
+-------+-------+-------+-------+-------+-------+---------------+
; EP.E0 ; 0     ; 0     ; 0     ; 0     ; 0     ; 0             ;
; EP.E1 ; 0     ; 0     ; 0     ; 0     ; 1     ; 1             ;
; EP.E2 ; 0     ; 0     ; 0     ; 1     ; 0     ; 1             ;
; EP.E3 ; 0     ; 0     ; 1     ; 0     ; 0     ; 1             ;
; EP.E4 ; 0     ; 1     ; 0     ; 0     ; 0     ; 1             ;
; EP.E5 ; 1     ; 0     ; 0     ; 0     ; 0     ; 1             ;
+-------+-------+-------+-------+-------+-------+---------------+


Encoding Type:  One-Hot
+-----------------------------------------------------------------------+
; State Machine - |DE1SOC_LCDLT24_1fas|lcd_receiver:O4_LCDREC|EP        ;
+-------+-------+-------+-------+-------+-------+-------+-------+-------+
; Name  ; EP.E7 ; EP.E6 ; EP.E5 ; EP.E4 ; EP.E3 ; EP.E2 ; EP.E1 ; EP.E0 ;
+-------+-------+-------+-------+-------+-------+-------+-------+-------+
; EP.E0 ; 0     ; 0     ; 0     ; 0     ; 0     ; 0     ; 0     ; 0     ;
; EP.E1 ; 0     ; 0     ; 0     ; 0     ; 0     ; 0     ; 1     ; 1     ;
; EP.E2 ; 0     ; 0     ; 0     ; 0     ; 0     ; 1     ; 0     ; 1     ;
; EP.E3 ; 0     ; 0     ; 0     ; 0     ; 1     ; 0     ; 0     ; 1     ;
; EP.E4 ; 0     ; 0     ; 0     ; 1     ; 0     ; 0     ; 0     ; 1     ;
; EP.E5 ; 0     ; 0     ; 1     ; 0     ; 0     ; 0     ; 0     ; 1     ;
; EP.E6 ; 0     ; 1     ; 0     ; 0     ; 0     ; 0     ; 0     ; 1     ;
; EP.E7 ; 1     ; 0     ; 0     ; 0     ; 0     ; 0     ; 0     ; 1     ;
+-------+-------+-------+-------+-------+-------+-------+-------+-------+


Encoding Type:  One-Hot
+-------------------------------------------------------------------------------------------------+
; State Machine - |DE1SOC_LCDLT24_1fas|lcd_control:O3_LCDCONT|EP                                  ;
+--------+--------+-------+-------+-------+-------+-------+-------+-------+-------+-------+-------+
; Name   ; EP.E10 ; EP.E9 ; EP.E8 ; EP.E7 ; EP.E6 ; EP.E5 ; EP.E4 ; EP.E3 ; EP.E2 ; EP.E1 ; EP.E0 ;
+--------+--------+-------+-------+-------+-------+-------+-------+-------+-------+-------+-------+
; EP.E0  ; 0      ; 0     ; 0     ; 0     ; 0     ; 0     ; 0     ; 0     ; 0     ; 0     ; 0     ;
; EP.E1  ; 0      ; 0     ; 0     ; 0     ; 0     ; 0     ; 0     ; 0     ; 0     ; 1     ; 1     ;
; EP.E2  ; 0      ; 0     ; 0     ; 0     ; 0     ; 0     ; 0     ; 0     ; 1     ; 0     ; 1     ;
; EP.E3  ; 0      ; 0     ; 0     ; 0     ; 0     ; 0     ; 0     ; 1     ; 0     ; 0     ; 1     ;
; EP.E4  ; 0      ; 0     ; 0     ; 0     ; 0     ; 0     ; 1     ; 0     ; 0     ; 0     ; 1     ;
; EP.E5  ; 0      ; 0     ; 0     ; 0     ; 0     ; 1     ; 0     ; 0     ; 0     ; 0     ; 1     ;
; EP.E6  ; 0      ; 0     ; 0     ; 0     ; 1     ; 0     ; 0     ; 0     ; 0     ; 0     ; 1     ;
; EP.E7  ; 0      ; 0     ; 0     ; 1     ; 0     ; 0     ; 0     ; 0     ; 0     ; 0     ; 1     ;
; EP.E8  ; 0      ; 0     ; 1     ; 0     ; 0     ; 0     ; 0     ; 0     ; 0     ; 0     ; 1     ;
; EP.E9  ; 0      ; 1     ; 0     ; 0     ; 0     ; 0     ; 0     ; 0     ; 0     ; 0     ; 1     ;
; EP.E10 ; 1      ; 0     ; 0     ; 0     ; 0     ; 0     ; 0     ; 0     ; 0     ; 0     ; 1     ;
+--------+--------+-------+-------+-------+-------+-------+-------+-------+-------+-------+-------+


Encoding Type:  One-Hot
+---------------------------------------------------------------------------------------+
; State Machine - |DE1SOC_LCDLT24_1fas|lcd_drawing:O2_LCDDRAW|EP                        ;
+-------+-------+-------+-------+-------+-------+-------+-------+-------+-------+-------+
; Name  ; EP.E9 ; EP.E8 ; EP.E7 ; EP.E6 ; EP.E5 ; EP.E4 ; EP.E3 ; EP.E2 ; EP.E1 ; EP.E0 ;
+-------+-------+-------+-------+-------+-------+-------+-------+-------+-------+-------+
; EP.E0 ; 0     ; 0     ; 0     ; 0     ; 0     ; 0     ; 0     ; 0     ; 0     ; 0     ;
; EP.E1 ; 0     ; 0     ; 0     ; 0     ; 0     ; 0     ; 0     ; 0     ; 1     ; 1     ;
; EP.E2 ; 0     ; 0     ; 0     ; 0     ; 0     ; 0     ; 0     ; 1     ; 0     ; 1     ;
; EP.E3 ; 0     ; 0     ; 0     ; 0     ; 0     ; 0     ; 1     ; 0     ; 0     ; 1     ;
; EP.E4 ; 0     ; 0     ; 0     ; 0     ; 0     ; 1     ; 0     ; 0     ; 0     ; 1     ;
; EP.E5 ; 0     ; 0     ; 0     ; 0     ; 1     ; 0     ; 0     ; 0     ; 0     ; 1     ;
; EP.E6 ; 0     ; 0     ; 0     ; 1     ; 0     ; 0     ; 0     ; 0     ; 0     ; 1     ;
; EP.E7 ; 0     ; 0     ; 1     ; 0     ; 0     ; 0     ; 0     ; 0     ; 0     ; 1     ;
; EP.E8 ; 0     ; 1     ; 0     ; 0     ; 0     ; 0     ; 0     ; 0     ; 0     ; 1     ;
; EP.E9 ; 1     ; 0     ; 0     ; 0     ; 0     ; 0     ; 0     ; 0     ; 0     ; 1     ;
+-------+-------+-------+-------+-------+-------+-------+-------+-------+-------+-------+


Encoding Type:  One-Hot
+-------------------------------------------------------------------------------------------------------------------------------------------------------------------------------------+
; State Machine - |DE1SOC_LCDLT24_1fas|LT24Setup:O1_SETUP|LT24InitLCD:DUT_InitLCD|ep3                                                                                                 ;
+-------------------------+---------------------+-------------------------+-------------------------+----------------------+----------------------+---------------------+-------------+
; Name                    ; ep3.e_End_INIT_LT24 ; ep3.e_End_Send_CMD_DATA ; ep3.e_wait_sendCMD_DATA ; ep3.e_read_CMD_DATA3 ; ep3.e_read_CMD_DATA2 ; ep3.e_read_CMD_DATA ; ep3.e_init3 ;
+-------------------------+---------------------+-------------------------+-------------------------+----------------------+----------------------+---------------------+-------------+
; ep3.e_init3             ; 0                   ; 0                       ; 0                       ; 0                    ; 0                    ; 0                   ; 0           ;
; ep3.e_read_CMD_DATA     ; 0                   ; 0                       ; 0                       ; 0                    ; 0                    ; 1                   ; 1           ;
; ep3.e_read_CMD_DATA2    ; 0                   ; 0                       ; 0                       ; 0                    ; 1                    ; 0                   ; 1           ;
; ep3.e_read_CMD_DATA3    ; 0                   ; 0                       ; 0                       ; 1                    ; 0                    ; 0                   ; 1           ;
; ep3.e_wait_sendCMD_DATA ; 0                   ; 0                       ; 1                       ; 0                    ; 0                    ; 0                   ; 1           ;
; ep3.e_End_Send_CMD_DATA ; 0                   ; 1                       ; 0                       ; 0                    ; 0                    ; 0                   ; 1           ;
; ep3.e_End_INIT_LT24     ; 1                   ; 0                       ; 0                       ; 0                    ; 0                    ; 0                   ; 1           ;
+-------------------------+---------------------+-------------------------+-------------------------+----------------------+----------------------+---------------------+-------------+


Encoding Type:  One-Hot
+-----------------------------------------------------------------------------------------------------------------------------+
; State Machine - |DE1SOC_LCDLT24_1fas|LT24Setup:O1_SETUP|LT24InitLCD:DUT_InitLCD|ep2                                         ;
+----------------------+--------------------+----------------------+----------------------+---------------------+-------------+
; Name                 ; ep2.e_End_CMD_DATA ; ep2.e_wait1_sendByte ; ep2.e_send_CMD_DATA2 ; ep2.e_send_CMD_DATA ; ep2.e_init2 ;
+----------------------+--------------------+----------------------+----------------------+---------------------+-------------+
; ep2.e_init2          ; 0                  ; 0                    ; 0                    ; 0                   ; 0           ;
; ep2.e_send_CMD_DATA  ; 0                  ; 0                    ; 0                    ; 1                   ; 1           ;
; ep2.e_send_CMD_DATA2 ; 0                  ; 0                    ; 1                    ; 0                   ; 1           ;
; ep2.e_wait1_sendByte ; 0                  ; 1                    ; 0                    ; 0                   ; 1           ;
; ep2.e_End_CMD_DATA   ; 1                  ; 0                    ; 0                    ; 0                   ; 1           ;
+----------------------+--------------------+----------------------+----------------------+---------------------+-------------+


Encoding Type:  One-Hot
+------------------------------------------------------------------------------------------+
; State Machine - |DE1SOC_LCDLT24_1fas|LT24Setup:O1_SETUP|LT24InitReset:DUT_RESET|ep       ;
+-------------+-----------+------------+------------+------------+-------------+-----------+
; Name        ; ep.e_done ; ep.e_wait2 ; ep.e_wait1 ; ep.e_wait0 ; ep.e_wait00 ; ep.e_init ;
+-------------+-----------+------------+------------+------------+-------------+-----------+
; ep.e_init   ; 0         ; 0          ; 0          ; 0          ; 0           ; 0         ;
; ep.e_wait00 ; 0         ; 0          ; 0          ; 0          ; 1           ; 1         ;
; ep.e_wait0  ; 0         ; 0          ; 0          ; 1          ; 0           ; 1         ;
; ep.e_wait1  ; 0         ; 0          ; 1          ; 0          ; 0           ; 1         ;
; ep.e_wait2  ; 0         ; 1          ; 0          ; 0          ; 0           ; 1         ;
; ep.e_done   ; 1         ; 0          ; 0          ; 0          ; 0           ; 1         ;
+-------------+-----------+------------+------------+------------+-------------+-----------+


+----------------------------------------------------------------------------------------------------------------------------------------------------------------------+
; Registers Protected by Synthesis                                                                                                                                     ;
+------------------------------------------------------+------------------------------------------------------------------+--------------------------------------------+
; Register Name                                        ; Protected by Synthesis Attribute or Preserve Register Assignment ; Not to be Touched by Netlist Optimizations ;
+------------------------------------------------------+------------------------------------------------------------------+--------------------------------------------+
; LT24Setup:O1_SETUP|LT24InitReset:DUT_RESET|divclk[8] ; yes                                                              ; yes                                        ;
; LT24Setup:O1_SETUP|LT24InitReset:DUT_RESET|divclk[7] ; yes                                                              ; yes                                        ;
; LT24Setup:O1_SETUP|LT24InitReset:DUT_RESET|divclk[6] ; yes                                                              ; yes                                        ;
; LT24Setup:O1_SETUP|LT24InitReset:DUT_RESET|divclk[5] ; yes                                                              ; yes                                        ;
; LT24Setup:O1_SETUP|LT24InitReset:DUT_RESET|divclk[4] ; yes                                                              ; yes                                        ;
; LT24Setup:O1_SETUP|LT24InitReset:DUT_RESET|divclk[3] ; yes                                                              ; yes                                        ;
; LT24Setup:O1_SETUP|LT24InitReset:DUT_RESET|divclk[2] ; yes                                                              ; yes                                        ;
; LT24Setup:O1_SETUP|LT24InitReset:DUT_RESET|divclk[1] ; yes                                                              ; yes                                        ;
; LT24Setup:O1_SETUP|LT24InitReset:DUT_RESET|divclk[0] ; yes                                                              ; yes                                        ;
; Total number of protected registers is 9             ;                                                                  ;                                            ;
+------------------------------------------------------+------------------------------------------------------------------+--------------------------------------------+


+--------------------------------------------------------------------------------------+
; Registers Removed During Synthesis                                                   ;
+----------------------------------------+---------------------------------------------+
; Register name                          ; Reason for Removal                          ;
+----------------------------------------+---------------------------------------------+
; lcd_control:O3_LCDCONT|RXCOL[2,6,7]    ; Stuck at GND due to stuck port data_in      ;
; LT24Setup:O1_SETUP|LT24_RD_N           ; Stuck at VCC due to stuck port data_in      ;
; lcd_control:O3_LCDCONT|RXCOL[0,1,3,4]  ; Merged with lcd_control:O3_LCDCONT|RXCOL[5] ;
; lcd_control:O3_LCDCONT|RRGB[3]         ; Merged with lcd_control:O3_LCDCONT|RRGB[0]  ;
; lcd_control:O3_LCDCONT|RRGB[2,4]       ; Merged with lcd_control:O3_LCDCONT|RRGB[1]  ;
; lcd_control:O3_LCDCONT|RRGB[6,9]       ; Merged with lcd_control:O3_LCDCONT|RRGB[5]  ;
; lcd_control:O3_LCDCONT|RRGB[7,8]       ; Merged with lcd_control:O3_LCDCONT|RRGB[10] ;
; lcd_control:O3_LCDCONT|RRGB[14]        ; Merged with lcd_control:O3_LCDCONT|RRGB[11] ;
; lcd_control:O3_LCDCONT|RRGB[13,15]     ; Merged with lcd_control:O3_LCDCONT|RRGB[12] ;
; lcd_filter:O5_LCDFILT|EP.E3            ; Lost fanout                                 ;
; lcd_filter:O5_LCDFILT|EP.E4            ; Lost fanout                                 ;
; lcd_filter:O5_LCDFILT|EP.E5            ; Lost fanout                                 ;
; lcd_drawing:O2_LCDDRAW|EP.E5           ; Lost fanout                                 ;
; Total Number of Removed Registers = 22 ;                                             ;
+----------------------------------------+---------------------------------------------+


+------------------------------------------------------+
; General Register Statistics                          ;
+----------------------------------------------+-------+
; Statistic                                    ; Value ;
+----------------------------------------------+-------+
; Total registers                              ; 1082  ;
; Number of registers using Synchronous Clear  ; 211   ;
; Number of registers using Synchronous Load   ; 180   ;
; Number of registers using Asynchronous Clear ; 545   ;
; Number of registers using Asynchronous Load  ; 0     ;
; Number of registers using Clock Enable       ; 488   ;
; Number of registers using Preset             ; 0     ;
+----------------------------------------------+-------+


+-------------------------------------------------------------------------------------------------------------------------------------------------------------------------------------------------------------------------------------------------------------------------------------------------------------------------------------------+
; Inverted Register Statistics                                                                                                                                                                                                                                                                                                              ;
+---------------------------------------------------------------------------------------------------------------------------------------------------------------------------------------------------------------------------------------------------------------------------------------------------------------------------------+---------+
; Inverted Register                                                                                                                                                                                                                                                                                                               ; Fan out ;
+---------------------------------------------------------------------------------------------------------------------------------------------------------------------------------------------------------------------------------------------------------------------------------------------------------------------------------+---------+
; LT24Setup:O1_SETUP|LT24_RS                                                                                                                                                                                                                                                                                                      ; 2       ;
; LT24Setup:O1_SETUP|LT24_WR_N                                                                                                                                                                                                                                                                                                    ; 2       ;
; sld_hub:auto_hub|alt_sld_fab_with_jtag_input:\instrumentation_fabric_with_node_gen:fabric_gen_new_way:with_jtag_input_gen:instrumentation_fabric|alt_sld_fab:instrumentation_fabric|alt_sld_fab_alt_sld_fab:alt_sld_fab|alt_sld_fab_alt_sld_fab_sldfabric:sldfabric|sld_jtag_hub:\jtag_hub_gen:real_sld_jtag_hub|jtag_ir_reg[1] ; 3       ;
; sld_hub:auto_hub|alt_sld_fab_with_jtag_input:\instrumentation_fabric_with_node_gen:fabric_gen_new_way:with_jtag_input_gen:instrumentation_fabric|alt_sld_fab:instrumentation_fabric|alt_sld_fab_alt_sld_fab:alt_sld_fab|alt_sld_fab_alt_sld_fab_sldfabric:sldfabric|sld_jtag_hub:\jtag_hub_gen:real_sld_jtag_hub|jtag_ir_reg[2] ; 3       ;
; sld_signaltap:auto_signaltap_0|sld_signaltap_impl:sld_signaltap_body|sld_signaltap_implb:sld_signaltap_body|sld_buffer_manager:sld_buffer_manager_inst|modified_post_count[9]                                                                                                                                                   ; 1       ;
; sld_signaltap:auto_signaltap_0|sld_signaltap_impl:sld_signaltap_body|sld_signaltap_implb:sld_signaltap_body|sld_buffer_manager:sld_buffer_manager_inst|modified_post_count[10]                                                                                                                                                  ; 1       ;
; sld_signaltap:auto_signaltap_0|sld_signaltap_impl:sld_signaltap_body|sld_signaltap_implb:sld_signaltap_body|sld_buffer_manager:sld_buffer_manager_inst|modified_post_count[6]                                                                                                                                                   ; 1       ;
; sld_signaltap:auto_signaltap_0|sld_signaltap_impl:sld_signaltap_body|sld_signaltap_implb:sld_signaltap_body|sld_buffer_manager:sld_buffer_manager_inst|modified_post_count[7]                                                                                                                                                   ; 1       ;
; sld_signaltap:auto_signaltap_0|sld_signaltap_impl:sld_signaltap_body|sld_signaltap_implb:sld_signaltap_body|sld_buffer_manager:sld_buffer_manager_inst|modified_post_count[8]                                                                                                                                                   ; 1       ;
; sld_signaltap:auto_signaltap_0|sld_signaltap_impl:sld_signaltap_body|sld_signaltap_implb:sld_signaltap_body|sld_buffer_manager:sld_buffer_manager_inst|modified_post_count[0]                                                                                                                                                   ; 1       ;
; sld_signaltap:auto_signaltap_0|sld_signaltap_impl:sld_signaltap_body|sld_signaltap_implb:sld_signaltap_body|sld_buffer_manager:sld_buffer_manager_inst|modified_post_count[1]                                                                                                                                                   ; 1       ;
; sld_signaltap:auto_signaltap_0|sld_signaltap_impl:sld_signaltap_body|sld_signaltap_implb:sld_signaltap_body|sld_buffer_manager:sld_buffer_manager_inst|modified_post_count[2]                                                                                                                                                   ; 1       ;
; sld_signaltap:auto_signaltap_0|sld_signaltap_impl:sld_signaltap_body|sld_signaltap_implb:sld_signaltap_body|sld_buffer_manager:sld_buffer_manager_inst|modified_post_count[3]                                                                                                                                                   ; 1       ;
; sld_signaltap:auto_signaltap_0|sld_signaltap_impl:sld_signaltap_body|sld_signaltap_implb:sld_signaltap_body|sld_buffer_manager:sld_buffer_manager_inst|modified_post_count[4]                                                                                                                                                   ; 1       ;
; sld_signaltap:auto_signaltap_0|sld_signaltap_impl:sld_signaltap_body|sld_signaltap_implb:sld_signaltap_body|sld_buffer_manager:sld_buffer_manager_inst|modified_post_count[5]                                                                                                                                                   ; 1       ;
; Total number of inverted registers = 15                                                                                                                                                                                                                                                                                         ;         ;
+---------------------------------------------------------------------------------------------------------------------------------------------------------------------------------------------------------------------------------------------------------------------------------------------------------------------------------+---------+


+------------------------------------------------------------------------------------------------------------------------------------------------------------------------------------------------+
; Multiplexer Restructuring Statistics (Restructuring Performed)                                                                                                                                 ;
+--------------------+-----------+---------------+----------------------+------------------------+------------+----------------------------------------------------------------------------------+
; Multiplexer Inputs ; Bus Width ; Baseline Area ; Area if Restructured ; Saving if Restructured ; Registered ; Example Multiplexer Output                                                       ;
+--------------------+-----------+---------------+----------------------+------------------------+------------+----------------------------------------------------------------------------------+
; 3:1                ; 8 bits    ; 16 LEs        ; 0 LEs                ; 16 LEs                 ; Yes        ; |DE1SOC_LCDLT24_1fas|lcd_translator:O6_LCDTRANS|Q_Com[0]                         ;
; 3:1                ; 9 bits    ; 18 LEs        ; 9 LEs                ; 9 LEs                  ; Yes        ; |DE1SOC_LCDLT24_1fas|lcd_filter:O5_LCDFILT|q_cicles[10]                          ;
; 3:1                ; 4 bits    ; 8 LEs         ; 4 LEs                ; 4 LEs                  ; Yes        ; |DE1SOC_LCDLT24_1fas|lcd_filter:O5_LCDFILT|q_cicles[1]                           ;
; 3:1                ; 2 bits    ; 4 LEs         ; 2 LEs                ; 2 LEs                  ; Yes        ; |DE1SOC_LCDLT24_1fas|lcd_filter:O5_LCDFILT|q_reading[0]                          ;
; 3:1                ; 11 bits   ; 22 LEs        ; 0 LEs                ; 22 LEs                 ; Yes        ; |DE1SOC_LCDLT24_1fas|lcd_receiver:O4_LCDREC|aux_Comand[7]                        ;
; 3:1                ; 2 bits    ; 4 LEs         ; 2 LEs                ; 2 LEs                  ; Yes        ; |DE1SOC_LCDLT24_1fas|lcd_control:O3_LCDCONT|aux_contdat[1]                       ;
; 3:1                ; 8 bits    ; 16 LEs        ; 8 LEs                ; 8 LEs                  ; Yes        ; |DE1SOC_LCDLT24_1fas|lcd_control:O3_LCDCONT|aux_contpix[10]                      ;
; 3:1                ; 9 bits    ; 18 LEs        ; 0 LEs                ; 18 LEs                 ; Yes        ; |DE1SOC_LCDLT24_1fas|lcd_control:O3_LCDCONT|aux_contpix[15]                      ;
; 3:1                ; 8 bits    ; 16 LEs        ; 0 LEs                ; 16 LEs                 ; Yes        ; |DE1SOC_LCDLT24_1fas|LT24Setup:O1_SETUP|LT24InitReset:DUT_RESET|cont_15usec[4]   ;
; 3:1                ; 8 bits    ; 16 LEs        ; 0 LEs                ; 16 LEs                 ; Yes        ; |DE1SOC_LCDLT24_1fas|LT24Setup:O1_SETUP|LT24InitReset:DUT_RESET|cont_10usec[7]   ;
; 3:1                ; 8 bits    ; 16 LEs        ; 0 LEs                ; 16 LEs                 ; Yes        ; |DE1SOC_LCDLT24_1fas|LT24Setup:O1_SETUP|LT24InitReset:DUT_RESET|cont_5msec[5]    ;
; 3:1                ; 32 bits   ; 64 LEs        ; 0 LEs                ; 64 LEs                 ; Yes        ; |DE1SOC_LCDLT24_1fas|LT24Setup:O1_SETUP|LT24InitReset:DUT_RESET|NumTicsXmSec[10] ;
; 3:1                ; 3 bits    ; 6 LEs         ; 3 LEs                ; 3 LEs                  ; Yes        ; |DE1SOC_LCDLT24_1fas|lcd_filter:O5_LCDFILT|aux_cont1[2]                          ;
; 3:1                ; 3 bits    ; 6 LEs         ; 3 LEs                ; 3 LEs                  ; Yes        ; |DE1SOC_LCDLT24_1fas|lcd_filter:O5_LCDFILT|aux_cont0[0]                          ;
; 3:1                ; 8 bits    ; 16 LEs        ; 0 LEs                ; 16 LEs                 ; Yes        ; |DE1SOC_LCDLT24_1fas|LT24Setup:O1_SETUP|LT24InitReset:DUT_RESET|NumTicsXuSec[1]  ;
; 4:1                ; 2 bits    ; 4 LEs         ; 4 LEs                ; 0 LEs                  ; Yes        ; |DE1SOC_LCDLT24_1fas|lcd_filter:O5_LCDFILT|q_cicles[11]                          ;
; 5:1                ; 4 bits    ; 12 LEs        ; 12 LEs               ; 0 LEs                  ; Yes        ; |DE1SOC_LCDLT24_1fas|lcd_control:O3_LCDCONT|RRGB[12]                             ;
; 6:1                ; 2 bits    ; 8 LEs         ; 6 LEs                ; 2 LEs                  ; Yes        ; |DE1SOC_LCDLT24_1fas|LT24Setup:O1_SETUP|LT24_D[5]                                ;
; 3:1                ; 2 bits    ; 4 LEs         ; 4 LEs                ; 0 LEs                  ; No         ; |DE1SOC_LCDLT24_1fas|lcd_control:O3_LCDCONT|ES.E5                                ;
+--------------------+-----------+---------------+----------------------+------------------------+------------+----------------------------------------------------------------------------------+


+-------------------------------------------------------------------+
; Source assignments for LT24Setup:O1_SETUP|LT24InitReset:DUT_RESET ;
+---------------------------+-------+------+------------------------+
; Assignment                ; Value ; From ; To                     ;
+---------------------------+-------+------+------------------------+
; PRESERVE_REGISTER         ; on    ; -    ; divclk[8]              ;
; PRESERVE_FANOUT_FREE_NODE ; on    ; -    ; divclk[8]              ;
; PRESERVE_REGISTER         ; on    ; -    ; divclk[7]              ;
; PRESERVE_FANOUT_FREE_NODE ; on    ; -    ; divclk[7]              ;
; PRESERVE_REGISTER         ; on    ; -    ; divclk[6]              ;
; PRESERVE_FANOUT_FREE_NODE ; on    ; -    ; divclk[6]              ;
; PRESERVE_REGISTER         ; on    ; -    ; divclk[5]              ;
; PRESERVE_FANOUT_FREE_NODE ; on    ; -    ; divclk[5]              ;
; PRESERVE_REGISTER         ; on    ; -    ; divclk[4]              ;
; PRESERVE_FANOUT_FREE_NODE ; on    ; -    ; divclk[4]              ;
; PRESERVE_REGISTER         ; on    ; -    ; divclk[3]              ;
; PRESERVE_FANOUT_FREE_NODE ; on    ; -    ; divclk[3]              ;
; PRESERVE_REGISTER         ; on    ; -    ; divclk[2]              ;
; PRESERVE_FANOUT_FREE_NODE ; on    ; -    ; divclk[2]              ;
; PRESERVE_REGISTER         ; on    ; -    ; divclk[1]              ;
; PRESERVE_FANOUT_FREE_NODE ; on    ; -    ; divclk[1]              ;
; PRESERVE_REGISTER         ; on    ; -    ; divclk[0]              ;
; PRESERVE_FANOUT_FREE_NODE ; on    ; -    ; divclk[0]              ;
+---------------------------+-------+------+------------------------+


+-------------------------------------------------------+
; Source assignments for sld_signaltap:auto_signaltap_0 ;
+-----------------+-------+------+----------------------+
; Assignment      ; Value ; From ; To                   ;
+-----------------+-------+------+----------------------+
; MESSAGE_DISABLE ; 13410 ; -    ; -                    ;
+-----------------+-------+------+----------------------+


+------------------------------------------------------------------------------------------------------------------------------------------------------------------------------------------------+
; Parameter Settings for Inferred Entity Instance: sld_signaltap:auto_signaltap_0                                                                                                                ;
+-------------------------------------------------+-----------------------------------------------------------------------------------------------------------------------------+----------------+
; Parameter Name                                  ; Value                                                                                                                       ; Type           ;
+-------------------------------------------------+-----------------------------------------------------------------------------------------------------------------------------+----------------+
; lpm_type                                        ; sld_signaltap                                                                                                               ; String         ;
; sld_node_info                                   ; 805334528                                                                                                                   ; Untyped        ;
; SLD_SECTION_ID                                  ; hdl_signaltap_0                                                                                                             ; String         ;
; SLD_IP_VERSION                                  ; 6                                                                                                                           ; Signed Integer ;
; SLD_IP_MINOR_VERSION                            ; 0                                                                                                                           ; Signed Integer ;
; SLD_COMMON_IP_VERSION                           ; 0                                                                                                                           ; Signed Integer ;
; sld_data_bits                                   ; 33                                                                                                                          ; Untyped        ;
; sld_trigger_bits                                ; 33                                                                                                                          ; Untyped        ;
; SLD_NODE_CRC_BITS                               ; 32                                                                                                                          ; Signed Integer ;
; SLD_NODE_CRC_HIWORD                             ; 41394                                                                                                                       ; Signed Integer ;
; SLD_NODE_CRC_LOWORD                             ; 50132                                                                                                                       ; Signed Integer ;
; sld_incremental_routing                         ; 1                                                                                                                           ; Untyped        ;
; sld_sample_depth                                ; 1024                                                                                                                        ; Untyped        ;
; sld_segment_size                                ; 1024                                                                                                                        ; Untyped        ;
; sld_ram_block_type                              ; AUTO                                                                                                                        ; Untyped        ;
; sld_state_bits                                  ; 11                                                                                                                          ; Untyped        ;
; sld_buffer_full_stop                            ; 1                                                                                                                           ; Untyped        ;
; SLD_MEM_ADDRESS_BITS                            ; 7                                                                                                                           ; Signed Integer ;
; SLD_DATA_BIT_CNTR_BITS                          ; 4                                                                                                                           ; Signed Integer ;
; sld_trigger_level                               ; 1                                                                                                                           ; Untyped        ;
; sld_trigger_in_enabled                          ; 0                                                                                                                           ; Untyped        ;
; SLD_HPS_TRIGGER_IN_ENABLED                      ; 0                                                                                                                           ; Signed Integer ;
; SLD_HPS_TRIGGER_OUT_ENABLED                     ; 0                                                                                                                           ; Signed Integer ;
; SLD_HPS_EVENT_ENABLED                           ; 0                                                                                                                           ; Signed Integer ;
; SLD_HPS_EVENT_ID                                ; 0                                                                                                                           ; Signed Integer ;
; sld_advanced_trigger_entity                     ; basic,1,                                                                                                                    ; Untyped        ;
; sld_trigger_level_pipeline                      ; 1                                                                                                                           ; Untyped        ;
; sld_trigger_pipeline                            ; 0                                                                                                                           ; Untyped        ;
; sld_ram_pipeline                                ; 0                                                                                                                           ; Untyped        ;
; sld_counter_pipeline                            ; 0                                                                                                                           ; Untyped        ;
; sld_enable_advanced_trigger                     ; 0                                                                                                                           ; Untyped        ;
; SLD_ADVANCED_TRIGGER_1                          ; NONE                                                                                                                        ; String         ;
; SLD_ADVANCED_TRIGGER_2                          ; NONE                                                                                                                        ; String         ;
; SLD_ADVANCED_TRIGGER_3                          ; NONE                                                                                                                        ; String         ;
; SLD_ADVANCED_TRIGGER_4                          ; NONE                                                                                                                        ; String         ;
; SLD_ADVANCED_TRIGGER_5                          ; NONE                                                                                                                        ; String         ;
; SLD_ADVANCED_TRIGGER_6                          ; NONE                                                                                                                        ; String         ;
; SLD_ADVANCED_TRIGGER_7                          ; NONE                                                                                                                        ; String         ;
; SLD_ADVANCED_TRIGGER_8                          ; NONE                                                                                                                        ; String         ;
; SLD_ADVANCED_TRIGGER_9                          ; NONE                                                                                                                        ; String         ;
; SLD_ADVANCED_TRIGGER_10                         ; NONE                                                                                                                        ; String         ;
; sld_inversion_mask_length                       ; 123                                                                                                                         ; Untyped        ;
; sld_inversion_mask                              ; 000000000000000000000000000000000000000000000000000000000000000000000000000000000000000000000000000000000000000000000000000 ; Untyped        ;
; sld_power_up_trigger                            ; 0                                                                                                                           ; Untyped        ;
; SLD_STATE_FLOW_MGR_ENTITY                       ; state_flow_mgr_entity.vhd                                                                                                   ; String         ;
; sld_state_flow_use_generated                    ; 0                                                                                                                           ; Untyped        ;
; sld_current_resource_width                      ; 1                                                                                                                           ; Untyped        ;
; sld_attribute_mem_mode                          ; OFF                                                                                                                         ; Untyped        ;
; sld_storage_qualifier_bits                      ; 33                                                                                                                          ; Untyped        ;
; SLD_STORAGE_QUALIFIER_GAP_RECORD                ; 0                                                                                                                           ; Signed Integer ;
; SLD_STORAGE_QUALIFIER_MODE                      ; OFF                                                                                                                         ; String         ;
; SLD_STORAGE_QUALIFIER_ENABLE_ADVANCED_CONDITION ; 0                                                                                                                           ; Signed Integer ;
; sld_storage_qualifier_inversion_mask_length     ; 0                                                                                                                           ; Untyped        ;
; SLD_STORAGE_QUALIFIER_ADVANCED_CONDITION_ENTITY ; basic                                                                                                                       ; String         ;
; SLD_STORAGE_QUALIFIER_PIPELINE                  ; 0                                                                                                                           ; Signed Integer ;
; SLD_CREATE_MONITOR_INTERFACE                    ; 0                                                                                                                           ; Signed Integer ;
; SLD_USE_JTAG_SIGNAL_ADAPTER                     ; 1                                                                                                                           ; Signed Integer ;
+-------------------------------------------------+-----------------------------------------------------------------------------------------------------------------------------+----------------+
Note: In order to hide this table in the UI and the text report file, please set the "Show Parameter Settings in Synthesis Report" option in "Analysis and Synthesis Settings -> More Settings" to "Off".


+-------------------------------------------------------------------------------------------------------------------------+
; Port Connectivity Checks: "LT24Setup:O1_SETUP|LT24InitLCD:DUT_InitLCD|romsinc:DUT_ROM"                                  ;
+---------------+--------+----------+-------------------------------------------------------------------------------------+
; Port          ; Type   ; Severity ; Details                                                                             ;
+---------------+--------+----------+-------------------------------------------------------------------------------------+
; datout[11..9] ; Output ; Info     ; Connected to dangling logic. Logic that only feeds a dangling port will be removed. ;
+---------------+--------+----------+-------------------------------------------------------------------------------------+


+-------------------------------------------------+
; Port Connectivity Checks: "LT24Setup:O1_SETUP"  ;
+---------------+-------+----------+--------------+
; Port          ; Type  ; Severity ; Details      ;
+---------------+-------+----------+--------------+
; lt24_rd_n_int ; Input ; Info     ; Stuck at VCC ;
+---------------+-------+----------+--------------+


+-------------------------------------------------------------------------------------------------------------------------------------------------------------------------------------------------------------------------------------------------------------------------+
; Signal Tap Logic Analyzer Settings                                                                                                                                                                                                                                      ;
+----------------+------------------+---------------------+------------------+--------------+----------+------------------------+----------------------+--------------------+-----------------------------+-----------------+------------------+--------------------------+
; Instance Index ; Instance Name    ; Trigger Input Width ; Data Input Width ; Sample Depth ; Segments ; Storage Qualifier Type ; Trigger Flow Control ; Trigger Conditions ; Advanced Trigger Conditions ; Trigger In Used ; Trigger Out Used ; Power-Up Trigger Enabled ;
+----------------+------------------+---------------------+------------------+--------------+----------+------------------------+----------------------+--------------------+-----------------------------+-----------------+------------------+--------------------------+
; 0              ; auto_signaltap_0 ; 33                  ; 33               ; 1024         ; 1        ; continuous             ; sequential           ; 1                  ; 0                           ; no              ; no               ; no                       ;
+----------------+------------------+---------------------+------------------+--------------+----------+------------------------+----------------------+--------------------+-----------------------------+-----------------+------------------+--------------------------+


+-----------------------------------------------------+
; Post-Synthesis Netlist Statistics for Top Partition ;
+-----------------------+-----------------------------+
; Type                  ; Count                       ;
+-----------------------+-----------------------------+
; arriav_ff             ; 264                         ;
;     CLR               ; 105                         ;
;     CLR SCLR          ; 68                          ;
;     CLR SLD           ; 2                           ;
;     ENA CLR           ; 37                          ;
;     ENA CLR SCLR      ; 28                          ;
;     ENA CLR SLD       ; 17                          ;
;     plain             ; 7                           ;
; arriav_lcell_comb     ; 339                         ;
;     arith             ; 119                         ;
;         1 data inputs ; 113                         ;
;         2 data inputs ; 6                           ;
;     extend            ; 4                           ;
;         7 data inputs ; 4                           ;
;     normal            ; 216                         ;
;         0 data inputs ; 2                           ;
;         1 data inputs ; 14                          ;
;         2 data inputs ; 35                          ;
;         3 data inputs ; 39                          ;
;         4 data inputs ; 27                          ;
;         5 data inputs ; 45                          ;
;         6 data inputs ; 54                          ;
; boundary_port         ; 62                          ;
;                       ;                             ;
; Max LUT depth         ; 4.10                        ;
; Average LUT depth     ; 2.05                        ;
+-----------------------+-----------------------------+


+-------------------------------+
; Elapsed Time Per Partition    ;
+----------------+--------------+
; Partition Name ; Elapsed Time ;
+----------------+--------------+
; Top            ; 00:00:02     ;
+----------------+--------------+


+-----------------------------------------------------------------------------------------------------------------------------------------------------------------------------------------------+
; Connections to In-System Debugging Instance "auto_signaltap_0"                                                                                                                                ;
+--------------------------------------+---------------+-----------+--------------------------------+-------------------+-------------------------------------------------------------+---------+
; Name                                 ; Type          ; Status    ; Partition Name                 ; Netlist Type Used ; Actual Connection                                           ; Details ;
+--------------------------------------+---------------+-----------+--------------------------------+-------------------+-------------------------------------------------------------+---------+
; CLOCK_50                             ; pre-synthesis ; connected ; Top                            ; post-synthesis    ; CLOCK_50                                                    ; N/A     ;
; LT24_D[0]                            ; pre-synthesis ; connected ; Top                            ; post-synthesis    ; LT24Setup:O1_SETUP|LT24_D[0]                                ; N/A     ;
; LT24_D[0]                            ; pre-synthesis ; connected ; Top                            ; post-synthesis    ; LT24Setup:O1_SETUP|LT24_D[0]                                ; N/A     ;
; LT24_D[10]                           ; pre-synthesis ; connected ; Top                            ; post-synthesis    ; LT24Setup:O1_SETUP|LT24_D[10]                               ; N/A     ;
; LT24_D[10]                           ; pre-synthesis ; connected ; Top                            ; post-synthesis    ; LT24Setup:O1_SETUP|LT24_D[10]                               ; N/A     ;
; LT24_D[11]                           ; pre-synthesis ; connected ; Top                            ; post-synthesis    ; LT24Setup:O1_SETUP|LT24_D[11]                               ; N/A     ;
; LT24_D[11]                           ; pre-synthesis ; connected ; Top                            ; post-synthesis    ; LT24Setup:O1_SETUP|LT24_D[11]                               ; N/A     ;
; LT24_D[12]                           ; pre-synthesis ; connected ; Top                            ; post-synthesis    ; LT24Setup:O1_SETUP|LT24_D[12]                               ; N/A     ;
; LT24_D[12]                           ; pre-synthesis ; connected ; Top                            ; post-synthesis    ; LT24Setup:O1_SETUP|LT24_D[12]                               ; N/A     ;
; LT24_D[13]                           ; pre-synthesis ; connected ; Top                            ; post-synthesis    ; LT24Setup:O1_SETUP|LT24_D[13]                               ; N/A     ;
; LT24_D[13]                           ; pre-synthesis ; connected ; Top                            ; post-synthesis    ; LT24Setup:O1_SETUP|LT24_D[13]                               ; N/A     ;
; LT24_D[14]                           ; pre-synthesis ; connected ; Top                            ; post-synthesis    ; LT24Setup:O1_SETUP|LT24_D[14]                               ; N/A     ;
; LT24_D[14]                           ; pre-synthesis ; connected ; Top                            ; post-synthesis    ; LT24Setup:O1_SETUP|LT24_D[14]                               ; N/A     ;
; LT24_D[15]                           ; pre-synthesis ; connected ; Top                            ; post-synthesis    ; LT24Setup:O1_SETUP|LT24_D[15]                               ; N/A     ;
; LT24_D[15]                           ; pre-synthesis ; connected ; Top                            ; post-synthesis    ; LT24Setup:O1_SETUP|LT24_D[15]                               ; N/A     ;
; LT24_D[1]                            ; pre-synthesis ; connected ; Top                            ; post-synthesis    ; LT24Setup:O1_SETUP|LT24_D[1]                                ; N/A     ;
; LT24_D[1]                            ; pre-synthesis ; connected ; Top                            ; post-synthesis    ; LT24Setup:O1_SETUP|LT24_D[1]                                ; N/A     ;
; LT24_D[2]                            ; pre-synthesis ; connected ; Top                            ; post-synthesis    ; LT24Setup:O1_SETUP|LT24_D[2]                                ; N/A     ;
; LT24_D[2]                            ; pre-synthesis ; connected ; Top                            ; post-synthesis    ; LT24Setup:O1_SETUP|LT24_D[2]                                ; N/A     ;
; LT24_D[3]                            ; pre-synthesis ; connected ; Top                            ; post-synthesis    ; LT24Setup:O1_SETUP|LT24_D[3]                                ; N/A     ;
; LT24_D[3]                            ; pre-synthesis ; connected ; Top                            ; post-synthesis    ; LT24Setup:O1_SETUP|LT24_D[3]                                ; N/A     ;
; LT24_D[4]                            ; pre-synthesis ; connected ; Top                            ; post-synthesis    ; LT24Setup:O1_SETUP|LT24_D[4]                                ; N/A     ;
; LT24_D[4]                            ; pre-synthesis ; connected ; Top                            ; post-synthesis    ; LT24Setup:O1_SETUP|LT24_D[4]                                ; N/A     ;
; LT24_D[5]                            ; pre-synthesis ; connected ; Top                            ; post-synthesis    ; LT24Setup:O1_SETUP|LT24_D[5]                                ; N/A     ;
; LT24_D[5]                            ; pre-synthesis ; connected ; Top                            ; post-synthesis    ; LT24Setup:O1_SETUP|LT24_D[5]                                ; N/A     ;
; LT24_D[6]                            ; pre-synthesis ; connected ; Top                            ; post-synthesis    ; LT24Setup:O1_SETUP|LT24_D[6]                                ; N/A     ;
; LT24_D[6]                            ; pre-synthesis ; connected ; Top                            ; post-synthesis    ; LT24Setup:O1_SETUP|LT24_D[6]                                ; N/A     ;
; LT24_D[7]                            ; pre-synthesis ; connected ; Top                            ; post-synthesis    ; LT24Setup:O1_SETUP|LT24_D[7]                                ; N/A     ;
; LT24_D[7]                            ; pre-synthesis ; connected ; Top                            ; post-synthesis    ; LT24Setup:O1_SETUP|LT24_D[7]                                ; N/A     ;
; LT24_D[8]                            ; pre-synthesis ; connected ; Top                            ; post-synthesis    ; LT24Setup:O1_SETUP|LT24_D[8]                                ; N/A     ;
; LT24_D[8]                            ; pre-synthesis ; connected ; Top                            ; post-synthesis    ; LT24Setup:O1_SETUP|LT24_D[8]                                ; N/A     ;
; LT24_D[9]                            ; pre-synthesis ; connected ; Top                            ; post-synthesis    ; LT24Setup:O1_SETUP|LT24_D[9]                                ; N/A     ;
; LT24_D[9]                            ; pre-synthesis ; connected ; Top                            ; post-synthesis    ; LT24Setup:O1_SETUP|LT24_D[9]                                ; N/A     ;
; LT24_RESET_N                         ; pre-synthesis ; connected ; Top                            ; post-synthesis    ; LT24Setup:O1_SETUP|LT24InitReset:DUT_RESET|tmp_LT24_RESET_N ; N/A     ;
; LT24_RESET_N                         ; pre-synthesis ; connected ; Top                            ; post-synthesis    ; LT24Setup:O1_SETUP|LT24InitReset:DUT_RESET|tmp_LT24_RESET_N ; N/A     ;
; LT24_RS                              ; pre-synthesis ; connected ; Top                            ; post-synthesis    ; LT24Setup:O1_SETUP|LT24_RS~_wirecell                        ; N/A     ;
; LT24_RS                              ; pre-synthesis ; connected ; Top                            ; post-synthesis    ; LT24Setup:O1_SETUP|LT24_RS~_wirecell                        ; N/A     ;
; LT24_WR_N                            ; pre-synthesis ; connected ; Top                            ; post-synthesis    ; LT24Setup:O1_SETUP|LT24_WR_N~_wirecell                      ; N/A     ;
; LT24_WR_N                            ; pre-synthesis ; connected ; Top                            ; post-synthesis    ; LT24Setup:O1_SETUP|LT24_WR_N~_wirecell                      ; N/A     ;
; lcd_drawing:O2_LCDDRAW|DEL_SCREEN    ; pre-synthesis ; connected ; Top                            ; post-synthesis    ; lcd_translator:O6_LCDTRANS|Equal0~1                         ; N/A     ;
; lcd_drawing:O2_LCDDRAW|DEL_SCREEN    ; pre-synthesis ; connected ; Top                            ; post-synthesis    ; lcd_translator:O6_LCDTRANS|Equal0~1                         ; N/A     ;
; lcd_drawing:O2_LCDDRAW|DRAW_FIG      ; pre-synthesis ; connected ; Top                            ; post-synthesis    ; lcd_translator:O6_LCDTRANS|Equal0~1                         ; N/A     ;
; lcd_drawing:O2_LCDDRAW|DRAW_FIG      ; pre-synthesis ; connected ; Top                            ; post-synthesis    ; lcd_translator:O6_LCDTRANS|Equal0~1                         ; N/A     ;
; lcd_drawing:O2_LCDDRAW|EP.E0         ; pre-synthesis ; connected ; Top                            ; post-synthesis    ; lcd_drawing:O2_LCDDRAW|EP.E0~_wirecell                      ; N/A     ;
; lcd_drawing:O2_LCDDRAW|EP.E0         ; pre-synthesis ; connected ; Top                            ; post-synthesis    ; lcd_drawing:O2_LCDDRAW|EP.E0~_wirecell                      ; N/A     ;
; lcd_drawing:O2_LCDDRAW|EP.E1         ; pre-synthesis ; connected ; Top                            ; post-synthesis    ; lcd_drawing:O2_LCDDRAW|EP.E1                                ; N/A     ;
; lcd_drawing:O2_LCDDRAW|EP.E1         ; pre-synthesis ; connected ; Top                            ; post-synthesis    ; lcd_drawing:O2_LCDDRAW|EP.E1                                ; N/A     ;
; lcd_drawing:O2_LCDDRAW|EP.E2         ; pre-synthesis ; connected ; Top                            ; post-synthesis    ; lcd_drawing:O2_LCDDRAW|EP.E2                                ; N/A     ;
; lcd_drawing:O2_LCDDRAW|EP.E2         ; pre-synthesis ; connected ; Top                            ; post-synthesis    ; lcd_drawing:O2_LCDDRAW|EP.E2                                ; N/A     ;
; lcd_drawing:O2_LCDDRAW|EP.E3         ; pre-synthesis ; connected ; Top                            ; post-synthesis    ; lcd_drawing:O2_LCDDRAW|EP.E3                                ; N/A     ;
; lcd_drawing:O2_LCDDRAW|EP.E3         ; pre-synthesis ; connected ; Top                            ; post-synthesis    ; lcd_drawing:O2_LCDDRAW|EP.E3                                ; N/A     ;
; lcd_drawing:O2_LCDDRAW|EP.E4         ; pre-synthesis ; connected ; Top                            ; post-synthesis    ; lcd_drawing:O2_LCDDRAW|EP.E4                                ; N/A     ;
; lcd_drawing:O2_LCDDRAW|EP.E4         ; pre-synthesis ; connected ; Top                            ; post-synthesis    ; lcd_drawing:O2_LCDDRAW|EP.E4                                ; N/A     ;
; lcd_drawing:O2_LCDDRAW|EP.E5         ; pre-synthesis ; connected ; Top                            ; post-synthesis    ; GND                                                         ; N/A     ;
; lcd_drawing:O2_LCDDRAW|EP.E5         ; pre-synthesis ; connected ; Top                            ; post-synthesis    ; GND                                                         ; N/A     ;
; lcd_drawing:O2_LCDDRAW|EP.E6         ; pre-synthesis ; connected ; Top                            ; post-synthesis    ; lcd_drawing:O2_LCDDRAW|EP.E6                                ; N/A     ;
; lcd_drawing:O2_LCDDRAW|EP.E6         ; pre-synthesis ; connected ; Top                            ; post-synthesis    ; lcd_drawing:O2_LCDDRAW|EP.E6                                ; N/A     ;
; lcd_drawing:O2_LCDDRAW|EP.E7         ; pre-synthesis ; connected ; Top                            ; post-synthesis    ; lcd_drawing:O2_LCDDRAW|EP.E7                                ; N/A     ;
; lcd_drawing:O2_LCDDRAW|EP.E7         ; pre-synthesis ; connected ; Top                            ; post-synthesis    ; lcd_drawing:O2_LCDDRAW|EP.E7                                ; N/A     ;
; lcd_drawing:O2_LCDDRAW|EP.E8         ; pre-synthesis ; connected ; Top                            ; post-synthesis    ; lcd_drawing:O2_LCDDRAW|EP.E8                                ; N/A     ;
; lcd_drawing:O2_LCDDRAW|EP.E8         ; pre-synthesis ; connected ; Top                            ; post-synthesis    ; lcd_drawing:O2_LCDDRAW|EP.E8                                ; N/A     ;
; lcd_drawing:O2_LCDDRAW|EP.E9         ; pre-synthesis ; connected ; Top                            ; post-synthesis    ; lcd_drawing:O2_LCDDRAW|EP.E9                                ; N/A     ;
; lcd_drawing:O2_LCDDRAW|EP.E9         ; pre-synthesis ; connected ; Top                            ; post-synthesis    ; lcd_drawing:O2_LCDDRAW|EP.E9                                ; N/A     ;
; lcd_drawing:O2_LCDDRAW|OP_DRAWCOLOUR ; pre-synthesis ; connected ; Top                            ; post-synthesis    ; lcd_drawing:O2_LCDDRAW|OP_DRAWCOLOUR                        ; N/A     ;
; lcd_drawing:O2_LCDDRAW|OP_DRAWCOLOUR ; pre-synthesis ; connected ; Top                            ; post-synthesis    ; lcd_drawing:O2_LCDDRAW|OP_DRAWCOLOUR                        ; N/A     ;
; lcd_drawing:O2_LCDDRAW|OP_SETCURSOR  ; pre-synthesis ; connected ; Top                            ; post-synthesis    ; lcd_drawing:O2_LCDDRAW|OP_SETCURSOR                         ; N/A     ;
; lcd_drawing:O2_LCDDRAW|OP_SETCURSOR  ; pre-synthesis ; connected ; Top                            ; post-synthesis    ; lcd_drawing:O2_LCDDRAW|OP_SETCURSOR                         ; N/A     ;
; auto_signaltap_0|gnd                 ; post-fitting  ; connected ; sld_signaltap:auto_signaltap_0 ; post-synthesis    ; sld_signaltap:auto_signaltap_0|~GND                         ; N/A     ;
; auto_signaltap_0|gnd                 ; post-fitting  ; connected ; sld_signaltap:auto_signaltap_0 ; post-synthesis    ; sld_signaltap:auto_signaltap_0|~GND                         ; N/A     ;
; auto_signaltap_0|gnd                 ; post-fitting  ; connected ; sld_signaltap:auto_signaltap_0 ; post-synthesis    ; sld_signaltap:auto_signaltap_0|~GND                         ; N/A     ;
; auto_signaltap_0|gnd                 ; post-fitting  ; connected ; sld_signaltap:auto_signaltap_0 ; post-synthesis    ; sld_signaltap:auto_signaltap_0|~GND                         ; N/A     ;
; auto_signaltap_0|gnd                 ; post-fitting  ; connected ; sld_signaltap:auto_signaltap_0 ; post-synthesis    ; sld_signaltap:auto_signaltap_0|~GND                         ; N/A     ;
; auto_signaltap_0|gnd                 ; post-fitting  ; connected ; sld_signaltap:auto_signaltap_0 ; post-synthesis    ; sld_signaltap:auto_signaltap_0|~GND                         ; N/A     ;
; auto_signaltap_0|gnd                 ; post-fitting  ; connected ; sld_signaltap:auto_signaltap_0 ; post-synthesis    ; sld_signaltap:auto_signaltap_0|~GND                         ; N/A     ;
; auto_signaltap_0|gnd                 ; post-fitting  ; connected ; sld_signaltap:auto_signaltap_0 ; post-synthesis    ; sld_signaltap:auto_signaltap_0|~GND                         ; N/A     ;
; auto_signaltap_0|gnd                 ; post-fitting  ; connected ; sld_signaltap:auto_signaltap_0 ; post-synthesis    ; sld_signaltap:auto_signaltap_0|~GND                         ; N/A     ;
; auto_signaltap_0|gnd                 ; post-fitting  ; connected ; sld_signaltap:auto_signaltap_0 ; post-synthesis    ; sld_signaltap:auto_signaltap_0|~GND                         ; N/A     ;
; auto_signaltap_0|gnd                 ; post-fitting  ; connected ; sld_signaltap:auto_signaltap_0 ; post-synthesis    ; sld_signaltap:auto_signaltap_0|~GND                         ; N/A     ;
; auto_signaltap_0|gnd                 ; post-fitting  ; connected ; sld_signaltap:auto_signaltap_0 ; post-synthesis    ; sld_signaltap:auto_signaltap_0|~GND                         ; N/A     ;
; auto_signaltap_0|gnd                 ; post-fitting  ; connected ; sld_signaltap:auto_signaltap_0 ; post-synthesis    ; sld_signaltap:auto_signaltap_0|~GND                         ; N/A     ;
; auto_signaltap_0|gnd                 ; post-fitting  ; connected ; sld_signaltap:auto_signaltap_0 ; post-synthesis    ; sld_signaltap:auto_signaltap_0|~GND                         ; N/A     ;
; auto_signaltap_0|gnd                 ; post-fitting  ; connected ; sld_signaltap:auto_signaltap_0 ; post-synthesis    ; sld_signaltap:auto_signaltap_0|~GND                         ; N/A     ;
; auto_signaltap_0|gnd                 ; post-fitting  ; connected ; sld_signaltap:auto_signaltap_0 ; post-synthesis    ; sld_signaltap:auto_signaltap_0|~GND                         ; N/A     ;
; auto_signaltap_0|vcc                 ; post-fitting  ; connected ; sld_signaltap:auto_signaltap_0 ; post-synthesis    ; sld_signaltap:auto_signaltap_0|~VCC                         ; N/A     ;
; auto_signaltap_0|vcc                 ; post-fitting  ; connected ; sld_signaltap:auto_signaltap_0 ; post-synthesis    ; sld_signaltap:auto_signaltap_0|~VCC                         ; N/A     ;
; auto_signaltap_0|vcc                 ; post-fitting  ; connected ; sld_signaltap:auto_signaltap_0 ; post-synthesis    ; sld_signaltap:auto_signaltap_0|~VCC                         ; N/A     ;
; auto_signaltap_0|vcc                 ; post-fitting  ; connected ; sld_signaltap:auto_signaltap_0 ; post-synthesis    ; sld_signaltap:auto_signaltap_0|~VCC                         ; N/A     ;
; auto_signaltap_0|vcc                 ; post-fitting  ; connected ; sld_signaltap:auto_signaltap_0 ; post-synthesis    ; sld_signaltap:auto_signaltap_0|~VCC                         ; N/A     ;
; auto_signaltap_0|vcc                 ; post-fitting  ; connected ; sld_signaltap:auto_signaltap_0 ; post-synthesis    ; sld_signaltap:auto_signaltap_0|~VCC                         ; N/A     ;
; auto_signaltap_0|vcc                 ; post-fitting  ; connected ; sld_signaltap:auto_signaltap_0 ; post-synthesis    ; sld_signaltap:auto_signaltap_0|~VCC                         ; N/A     ;
; auto_signaltap_0|vcc                 ; post-fitting  ; connected ; sld_signaltap:auto_signaltap_0 ; post-synthesis    ; sld_signaltap:auto_signaltap_0|~VCC                         ; N/A     ;
; auto_signaltap_0|vcc                 ; post-fitting  ; connected ; sld_signaltap:auto_signaltap_0 ; post-synthesis    ; sld_signaltap:auto_signaltap_0|~VCC                         ; N/A     ;
; auto_signaltap_0|vcc                 ; post-fitting  ; connected ; sld_signaltap:auto_signaltap_0 ; post-synthesis    ; sld_signaltap:auto_signaltap_0|~VCC                         ; N/A     ;
; auto_signaltap_0|vcc                 ; post-fitting  ; connected ; sld_signaltap:auto_signaltap_0 ; post-synthesis    ; sld_signaltap:auto_signaltap_0|~VCC                         ; N/A     ;
; auto_signaltap_0|vcc                 ; post-fitting  ; connected ; sld_signaltap:auto_signaltap_0 ; post-synthesis    ; sld_signaltap:auto_signaltap_0|~VCC                         ; N/A     ;
; auto_signaltap_0|vcc                 ; post-fitting  ; connected ; sld_signaltap:auto_signaltap_0 ; post-synthesis    ; sld_signaltap:auto_signaltap_0|~VCC                         ; N/A     ;
; auto_signaltap_0|vcc                 ; post-fitting  ; connected ; sld_signaltap:auto_signaltap_0 ; post-synthesis    ; sld_signaltap:auto_signaltap_0|~VCC                         ; N/A     ;
; auto_signaltap_0|vcc                 ; post-fitting  ; connected ; sld_signaltap:auto_signaltap_0 ; post-synthesis    ; sld_signaltap:auto_signaltap_0|~VCC                         ; N/A     ;
; auto_signaltap_0|vcc                 ; post-fitting  ; connected ; sld_signaltap:auto_signaltap_0 ; post-synthesis    ; sld_signaltap:auto_signaltap_0|~VCC                         ; N/A     ;
+--------------------------------------+---------------+-----------+--------------------------------+-------------------+-------------------------------------------------------------+---------+


+-------------------------------+
; Analysis & Synthesis Messages ;
+-------------------------------+
Info: *******************************************************************
Info: Running Quartus Prime Analysis & Synthesis
    Info: Version 18.1.0 Build 625 09/12/2018 SJ Lite Edition
    Info: Processing started: Thu Dec 22 19:44:57 2022
Info: Command: quartus_map --read_settings_files=on --write_settings_files=off DE1SOC_LCDLT24_1fas -c DE1SOC_LCDLT24_1fas
Warning (18236): Number of processors has not been specified which may cause overloading on shared machines.  Set the global assignment NUM_PARALLEL_PROCESSORS in your QSF to an appropriate value for best performance.
Info (20030): Parallel compilation is enabled and will use 8 of the 8 processors detected
Info (12021): Found 2 design units, including 1 entities, in source file lcd_receiverandfilter/lcd_receiver.vhd
    Info (12022): Found design unit 1: lcd_receiver-arc_de_lcd_receiver File: C:/Users/mamun/OneDrive/Documentos/- UPV/DCSD/RepositorioGithub/DCSD/Proyecto/DE1SOC_LCDLT24_1fas/LCD_ReceiverAndFilter/lcd_receiver.vhd Line: 24
    Info (12023): Found entity 1: lcd_receiver File: C:/Users/mamun/OneDrive/Documentos/- UPV/DCSD/RepositorioGithub/DCSD/Proyecto/DE1SOC_LCDLT24_1fas/LCD_ReceiverAndFilter/lcd_receiver.vhd Line: 5
Info (12021): Found 2 design units, including 1 entities, in source file lcd_receiverandfilter/lcd_filter.vhd
    Info (12022): Found design unit 1: lcd_filter-arc_de_lcd_filter File: C:/Users/mamun/OneDrive/Documentos/- UPV/DCSD/RepositorioGithub/DCSD/Proyecto/DE1SOC_LCDLT24_1fas/LCD_ReceiverAndFilter/lcd_filter.vhd Line: 21
    Info (12023): Found entity 1: lcd_filter File: C:/Users/mamun/OneDrive/Documentos/- UPV/DCSD/RepositorioGithub/DCSD/Proyecto/DE1SOC_LCDLT24_1fas/LCD_ReceiverAndFilter/lcd_filter.vhd Line: 5
Info (12021): Found 2 design units, including 1 entities, in source file lcd_drawingandcontrol/lcd_drawing.vhd
    Info (12022): Found design unit 1: lcd_drawing-arc_de_lcd_drawing File: C:/Users/mamun/OneDrive/Documentos/- UPV/DCSD/RepositorioGithub/DCSD/Proyecto/DE1SOC_LCDLT24_1fas/LCD_DrawingAndControl/lcd_drawing.vhd Line: 28
    Info (12023): Found entity 1: lcd_drawing File: C:/Users/mamun/OneDrive/Documentos/- UPV/DCSD/RepositorioGithub/DCSD/Proyecto/DE1SOC_LCDLT24_1fas/LCD_DrawingAndControl/lcd_drawing.vhd Line: 5
Info (12021): Found 2 design units, including 1 entities, in source file lcd_drawingandcontrol/lcd_control.vhd
    Info (12022): Found design unit 1: lcd_control-arc_de_lcd_control File: C:/Users/mamun/OneDrive/Documentos/- UPV/DCSD/RepositorioGithub/DCSD/Proyecto/DE1SOC_LCDLT24_1fas/LCD_DrawingAndControl/lcd_control.vhd Line: 30
    Info (12023): Found entity 1: lcd_control File: C:/Users/mamun/OneDrive/Documentos/- UPV/DCSD/RepositorioGithub/DCSD/Proyecto/DE1SOC_LCDLT24_1fas/LCD_DrawingAndControl/lcd_control.vhd Line: 5
Info (12021): Found 2 design units, including 1 entities, in source file lcd_setup/romsinc.vhd
    Info (12022): Found design unit 1: romsinc-a File: C:/Users/mamun/OneDrive/Documentos/- UPV/DCSD/RepositorioGithub/DCSD/Proyecto/DE1SOC_LCDLT24_1fas/LCD_SetUp/romsinc.vhd Line: 14
    Info (12023): Found entity 1: romsinc File: C:/Users/mamun/OneDrive/Documentos/- UPV/DCSD/RepositorioGithub/DCSD/Proyecto/DE1SOC_LCDLT24_1fas/LCD_SetUp/romsinc.vhd Line: 6
Info (12021): Found 2 design units, including 1 entities, in source file lcd_setup/lt24setup.vhd
    Info (12022): Found design unit 1: LT24Setup-rtl_0 File: C:/Users/mamun/OneDrive/Documentos/- UPV/DCSD/RepositorioGithub/DCSD/Proyecto/DE1SOC_LCDLT24_1fas/LCD_SetUp/LT24SetUp.vhd Line: 47
    Info (12023): Found entity 1: LT24Setup File: C:/Users/mamun/OneDrive/Documentos/- UPV/DCSD/RepositorioGithub/DCSD/Proyecto/DE1SOC_LCDLT24_1fas/LCD_SetUp/LT24SetUp.vhd Line: 23
Info (12021): Found 2 design units, including 1 entities, in source file lcd_setup/lt24initreset.vhd
    Info (12022): Found design unit 1: LT24InitReset-a File: C:/Users/mamun/OneDrive/Documentos/- UPV/DCSD/RepositorioGithub/DCSD/Proyecto/DE1SOC_LCDLT24_1fas/LCD_SetUp/LT24InitReset.vhd Line: 34
    Info (12023): Found entity 1: LT24InitReset File: C:/Users/mamun/OneDrive/Documentos/- UPV/DCSD/RepositorioGithub/DCSD/Proyecto/DE1SOC_LCDLT24_1fas/LCD_SetUp/LT24InitReset.vhd Line: 21
Info (12021): Found 2 design units, including 1 entities, in source file lcd_setup/lt24initlcd.vhd
    Info (12022): Found design unit 1: LT24InitLCD-a File: C:/Users/mamun/OneDrive/Documentos/- UPV/DCSD/RepositorioGithub/DCSD/Proyecto/DE1SOC_LCDLT24_1fas/LCD_SetUp/LT24InitLCD.vhd Line: 40
    Info (12023): Found entity 1: LT24InitLCD File: C:/Users/mamun/OneDrive/Documentos/- UPV/DCSD/RepositorioGithub/DCSD/Proyecto/DE1SOC_LCDLT24_1fas/LCD_SetUp/LT24InitLCD.vhd Line: 23
Info (12021): Found 2 design units, including 0 entities, in source file lcd_setup/init128rom_pkg.vhd
    Info (12022): Found design unit 1: romData_pkg File: C:/Users/mamun/OneDrive/Documentos/- UPV/DCSD/RepositorioGithub/DCSD/Proyecto/DE1SOC_LCDLT24_1fas/LCD_SetUp/Init128rom_pkg.vhd Line: 5
    Info (12022): Found design unit 2: romData_pkg-body File: C:/Users/mamun/OneDrive/Documentos/- UPV/DCSD/RepositorioGithub/DCSD/Proyecto/DE1SOC_LCDLT24_1fas/LCD_SetUp/Init128rom_pkg.vhd Line: 14
Info (12021): Found 2 design units, including 1 entities, in source file de1soc_lcdlt24_1fas.vhd
    Info (12022): Found design unit 1: DE1SOC_LCDLT24_1fas-str File: C:/Users/mamun/OneDrive/Documentos/- UPV/DCSD/RepositorioGithub/DCSD/Proyecto/DE1SOC_LCDLT24_1fas/DE1SOC_LCDLT24_1fas.vhd Line: 51
    Info (12023): Found entity 1: DE1SOC_LCDLT24_1fas File: C:/Users/mamun/OneDrive/Documentos/- UPV/DCSD/RepositorioGithub/DCSD/Proyecto/DE1SOC_LCDLT24_1fas/DE1SOC_LCDLT24_1fas.vhd Line: 5
Info (12021): Found 2 design units, including 1 entities, in source file lcd_translator/lcd_translator.vhd
    Info (12022): Found design unit 1: lcd_translator-arc_de_lcd_translator File: C:/Users/mamun/OneDrive/Documentos/- UPV/DCSD/RepositorioGithub/DCSD/Proyecto/DE1SOC_LCDLT24_1fas/LCD_Translator/lcd_translator.vhd Line: 22
    Info (12023): Found entity 1: lcd_translator File: C:/Users/mamun/OneDrive/Documentos/- UPV/DCSD/RepositorioGithub/DCSD/Proyecto/DE1SOC_LCDLT24_1fas/LCD_Translator/lcd_translator.vhd Line: 5
Info (12127): Elaborating entity "DE1SOC_LCDLT24_1fas" for the top level hierarchy
Warning (10036): Verilog HDL or VHDL warning at DE1SOC_LCDLT24_1fas.vhd(170): object "TOP_reset" assigned a value but never read File: C:/Users/mamun/OneDrive/Documentos/- UPV/DCSD/RepositorioGithub/DCSD/Proyecto/DE1SOC_LCDLT24_1fas/DE1SOC_LCDLT24_1fas.vhd Line: 170
Warning (10873): Using initial value X (don't care) for net "LEDR[9]" at DE1SOC_LCDLT24_1fas.vhd(26) File: C:/Users/mamun/OneDrive/Documentos/- UPV/DCSD/RepositorioGithub/DCSD/Proyecto/DE1SOC_LCDLT24_1fas/DE1SOC_LCDLT24_1fas.vhd Line: 26
Warning (10873): Using initial value X (don't care) for net "LEDR[7]" at DE1SOC_LCDLT24_1fas.vhd(26) File: C:/Users/mamun/OneDrive/Documentos/- UPV/DCSD/RepositorioGithub/DCSD/Proyecto/DE1SOC_LCDLT24_1fas/DE1SOC_LCDLT24_1fas.vhd Line: 26
Warning (10873): Using initial value X (don't care) for net "LEDR[4..0]" at DE1SOC_LCDLT24_1fas.vhd(26) File: C:/Users/mamun/OneDrive/Documentos/- UPV/DCSD/RepositorioGithub/DCSD/Proyecto/DE1SOC_LCDLT24_1fas/DE1SOC_LCDLT24_1fas.vhd Line: 26
Info (12128): Elaborating entity "LT24Setup" for hierarchy "LT24Setup:O1_SETUP" File: C:/Users/mamun/OneDrive/Documentos/- UPV/DCSD/RepositorioGithub/DCSD/Proyecto/DE1SOC_LCDLT24_1fas/DE1SOC_LCDLT24_1fas.vhd Line: 292
Info (12128): Elaborating entity "LT24InitReset" for hierarchy "LT24Setup:O1_SETUP|LT24InitReset:DUT_RESET" File: C:/Users/mamun/OneDrive/Documentos/- UPV/DCSD/RepositorioGithub/DCSD/Proyecto/DE1SOC_LCDLT24_1fas/LCD_SetUp/LT24SetUp.vhd Line: 108
Info (12128): Elaborating entity "LT24InitLCD" for hierarchy "LT24Setup:O1_SETUP|LT24InitLCD:DUT_InitLCD" File: C:/Users/mamun/OneDrive/Documentos/- UPV/DCSD/RepositorioGithub/DCSD/Proyecto/DE1SOC_LCDLT24_1fas/LCD_SetUp/LT24SetUp.vhd Line: 122
Info (12128): Elaborating entity "romsinc" for hierarchy "LT24Setup:O1_SETUP|LT24InitLCD:DUT_InitLCD|romsinc:DUT_ROM" File: C:/Users/mamun/OneDrive/Documentos/- UPV/DCSD/RepositorioGithub/DCSD/Proyecto/DE1SOC_LCDLT24_1fas/LCD_SetUp/LT24InitLCD.vhd Line: 88
Info (12128): Elaborating entity "lcd_drawing" for hierarchy "lcd_drawing:O2_LCDDRAW" File: C:/Users/mamun/OneDrive/Documentos/- UPV/DCSD/RepositorioGithub/DCSD/Proyecto/DE1SOC_LCDLT24_1fas/DE1SOC_LCDLT24_1fas.vhd Line: 315
Info (12128): Elaborating entity "lcd_control" for hierarchy "lcd_control:O3_LCDCONT" File: C:/Users/mamun/OneDrive/Documentos/- UPV/DCSD/RepositorioGithub/DCSD/Proyecto/DE1SOC_LCDLT24_1fas/DE1SOC_LCDLT24_1fas.vhd Line: 336
Warning (10036): Verilog HDL or VHDL warning at lcd_control.vhd(40): object "D6" assigned a value but never read File: C:/Users/mamun/OneDrive/Documentos/- UPV/DCSD/RepositorioGithub/DCSD/Proyecto/DE1SOC_LCDLT24_1fas/LCD_DrawingAndControl/lcd_control.vhd Line: 40
Warning (10036): Verilog HDL or VHDL warning at lcd_control.vhd(40): object "D7" assigned a value but never read File: C:/Users/mamun/OneDrive/Documentos/- UPV/DCSD/RepositorioGithub/DCSD/Proyecto/DE1SOC_LCDLT24_1fas/LCD_DrawingAndControl/lcd_control.vhd Line: 40
Info (12128): Elaborating entity "lcd_receiver" for hierarchy "lcd_receiver:O4_LCDREC" File: C:/Users/mamun/OneDrive/Documentos/- UPV/DCSD/RepositorioGithub/DCSD/Proyecto/DE1SOC_LCDLT24_1fas/DE1SOC_LCDLT24_1fas.vhd Line: 359
Info (12128): Elaborating entity "lcd_filter" for hierarchy "lcd_filter:O5_LCDFILT" File: C:/Users/mamun/OneDrive/Documentos/- UPV/DCSD/RepositorioGithub/DCSD/Proyecto/DE1SOC_LCDLT24_1fas/DE1SOC_LCDLT24_1fas.vhd Line: 376
Info (12128): Elaborating entity "lcd_translator" for hierarchy "lcd_translator:O6_LCDTRANS" File: C:/Users/mamun/OneDrive/Documentos/- UPV/DCSD/RepositorioGithub/DCSD/Proyecto/DE1SOC_LCDLT24_1fas/DE1SOC_LCDLT24_1fas.vhd Line: 391
Warning (10540): VHDL Signal Declaration warning at lcd_translator.vhd(31): used explicit default value for signal "Code_DEL_SCREEN" because signal was never assigned a value File: C:/Users/mamun/OneDrive/Documentos/- UPV/DCSD/RepositorioGithub/DCSD/Proyecto/DE1SOC_LCDLT24_1fas/LCD_Translator/lcd_translator.vhd Line: 31
Warning (10540): VHDL Signal Declaration warning at lcd_translator.vhd(32): used explicit default value for signal "Code_DRAW_FIG" because signal was never assigned a value File: C:/Users/mamun/OneDrive/Documentos/- UPV/DCSD/RepositorioGithub/DCSD/Proyecto/DE1SOC_LCDLT24_1fas/LCD_Translator/lcd_translator.vhd Line: 32
Info (12021): Found 1 design units, including 1 entities, in source file db/altsyncram_ug84.tdf
    Info (12023): Found entity 1: altsyncram_ug84 File: C:/Users/mamun/OneDrive/Documentos/- UPV/DCSD/RepositorioGithub/DCSD/Proyecto/DE1SOC_LCDLT24_1fas/db/altsyncram_ug84.tdf Line: 27
Info (12021): Found 1 design units, including 1 entities, in source file db/mux_blc.tdf
    Info (12023): Found entity 1: mux_blc File: C:/Users/mamun/OneDrive/Documentos/- UPV/DCSD/RepositorioGithub/DCSD/Proyecto/DE1SOC_LCDLT24_1fas/db/mux_blc.tdf Line: 22
Info (12021): Found 1 design units, including 1 entities, in source file db/decode_vnf.tdf
    Info (12023): Found entity 1: decode_vnf File: C:/Users/mamun/OneDrive/Documentos/- UPV/DCSD/RepositorioGithub/DCSD/Proyecto/DE1SOC_LCDLT24_1fas/db/decode_vnf.tdf Line: 22
Info (12021): Found 1 design units, including 1 entities, in source file db/cntr_29i.tdf
    Info (12023): Found entity 1: cntr_29i File: C:/Users/mamun/OneDrive/Documentos/- UPV/DCSD/RepositorioGithub/DCSD/Proyecto/DE1SOC_LCDLT24_1fas/db/cntr_29i.tdf Line: 27
Info (12021): Found 1 design units, including 1 entities, in source file db/cmpr_e9c.tdf
    Info (12023): Found entity 1: cmpr_e9c File: C:/Users/mamun/OneDrive/Documentos/- UPV/DCSD/RepositorioGithub/DCSD/Proyecto/DE1SOC_LCDLT24_1fas/db/cmpr_e9c.tdf Line: 22
Info (12021): Found 1 design units, including 1 entities, in source file db/cntr_q1j.tdf
    Info (12023): Found entity 1: cntr_q1j File: C:/Users/mamun/OneDrive/Documentos/- UPV/DCSD/RepositorioGithub/DCSD/Proyecto/DE1SOC_LCDLT24_1fas/db/cntr_q1j.tdf Line: 25
Info (12021): Found 1 design units, including 1 entities, in source file db/cntr_u8i.tdf
    Info (12023): Found entity 1: cntr_u8i File: C:/Users/mamun/OneDrive/Documentos/- UPV/DCSD/RepositorioGithub/DCSD/Proyecto/DE1SOC_LCDLT24_1fas/db/cntr_u8i.tdf Line: 27
Info (12021): Found 1 design units, including 1 entities, in source file db/cmpr_d9c.tdf
    Info (12023): Found entity 1: cmpr_d9c File: C:/Users/mamun/OneDrive/Documentos/- UPV/DCSD/RepositorioGithub/DCSD/Proyecto/DE1SOC_LCDLT24_1fas/db/cmpr_d9c.tdf Line: 22
Info (12021): Found 1 design units, including 1 entities, in source file db/cntr_kri.tdf
    Info (12023): Found entity 1: cntr_kri File: C:/Users/mamun/OneDrive/Documentos/- UPV/DCSD/RepositorioGithub/DCSD/Proyecto/DE1SOC_LCDLT24_1fas/db/cntr_kri.tdf Line: 27
Info (12021): Found 1 design units, including 1 entities, in source file db/cmpr_99c.tdf
    Info (12023): Found entity 1: cmpr_99c File: C:/Users/mamun/OneDrive/Documentos/- UPV/DCSD/RepositorioGithub/DCSD/Proyecto/DE1SOC_LCDLT24_1fas/db/cmpr_99c.tdf Line: 22
Info (12033): Analysis and Synthesis generated Signal Tap or debug node instance "auto_signaltap_0"
Info (11170): Starting IP generation for the debug fabric: alt_sld_fab.
Info (11172): 2022.12.22.19:45:40 Progress: Loading sldaa8a7c86/alt_sld_fab_wrapper_hw.tcl
Info (11172): Alt_sld_fab.alt_sld_fab: SLD fabric agents which did not specify prefer_host were connected to JTAG
Info (11172): Alt_sld_fab: Generating alt_sld_fab "alt_sld_fab" for QUARTUS_SYNTH
Info (11172): Alt_sld_fab: "alt_sld_fab" instantiated alt_sld_fab "alt_sld_fab"
Info (11172): Presplit: "alt_sld_fab" instantiated altera_super_splitter "presplit"
Info (11172): Splitter: "alt_sld_fab" instantiated altera_sld_splitter "splitter"
Info (11172): Sldfabric: "alt_sld_fab" instantiated altera_sld_jtag_hub "sldfabric"
Info (11172): Ident: "alt_sld_fab" instantiated altera_connection_identification_hub "ident"
Info (11172): Alt_sld_fab: Done "alt_sld_fab" with 6 modules, 6 files
Info (11171): Finished IP generation for the debug fabric: alt_sld_fab.
Info (12021): Found 1 design units, including 1 entities, in source file db/ip/sldaa8a7c86/alt_sld_fab.v
    Info (12023): Found entity 1: alt_sld_fab File: C:/Users/mamun/OneDrive/Documentos/- UPV/DCSD/RepositorioGithub/DCSD/Proyecto/DE1SOC_LCDLT24_1fas/db/ip/sldaa8a7c86/alt_sld_fab.v Line: 9
Info (12021): Found 1 design units, including 1 entities, in source file db/ip/sldaa8a7c86/submodules/alt_sld_fab_alt_sld_fab.v
    Info (12023): Found entity 1: alt_sld_fab_alt_sld_fab File: C:/Users/mamun/OneDrive/Documentos/- UPV/DCSD/RepositorioGithub/DCSD/Proyecto/DE1SOC_LCDLT24_1fas/db/ip/sldaa8a7c86/submodules/alt_sld_fab_alt_sld_fab.v Line: 9
Info (12021): Found 1 design units, including 1 entities, in source file db/ip/sldaa8a7c86/submodules/alt_sld_fab_alt_sld_fab_ident.sv
    Info (12023): Found entity 1: alt_sld_fab_alt_sld_fab_ident File: C:/Users/mamun/OneDrive/Documentos/- UPV/DCSD/RepositorioGithub/DCSD/Proyecto/DE1SOC_LCDLT24_1fas/db/ip/sldaa8a7c86/submodules/alt_sld_fab_alt_sld_fab_ident.sv Line: 33
Info (12021): Found 1 design units, including 1 entities, in source file db/ip/sldaa8a7c86/submodules/alt_sld_fab_alt_sld_fab_presplit.sv
    Info (12023): Found entity 1: alt_sld_fab_alt_sld_fab_presplit File: C:/Users/mamun/OneDrive/Documentos/- UPV/DCSD/RepositorioGithub/DCSD/Proyecto/DE1SOC_LCDLT24_1fas/db/ip/sldaa8a7c86/submodules/alt_sld_fab_alt_sld_fab_presplit.sv Line: 3
Info (12021): Found 2 design units, including 1 entities, in source file db/ip/sldaa8a7c86/submodules/alt_sld_fab_alt_sld_fab_sldfabric.vhd
    Info (12022): Found design unit 1: alt_sld_fab_alt_sld_fab_sldfabric-rtl File: C:/Users/mamun/OneDrive/Documentos/- UPV/DCSD/RepositorioGithub/DCSD/Proyecto/DE1SOC_LCDLT24_1fas/db/ip/sldaa8a7c86/submodules/alt_sld_fab_alt_sld_fab_sldfabric.vhd Line: 102
    Info (12023): Found entity 1: alt_sld_fab_alt_sld_fab_sldfabric File: C:/Users/mamun/OneDrive/Documentos/- UPV/DCSD/RepositorioGithub/DCSD/Proyecto/DE1SOC_LCDLT24_1fas/db/ip/sldaa8a7c86/submodules/alt_sld_fab_alt_sld_fab_sldfabric.vhd Line: 11
Info (12021): Found 1 design units, including 1 entities, in source file db/ip/sldaa8a7c86/submodules/alt_sld_fab_alt_sld_fab_splitter.sv
    Info (12023): Found entity 1: alt_sld_fab_alt_sld_fab_splitter File: C:/Users/mamun/OneDrive/Documentos/- UPV/DCSD/RepositorioGithub/DCSD/Proyecto/DE1SOC_LCDLT24_1fas/db/ip/sldaa8a7c86/submodules/alt_sld_fab_alt_sld_fab_splitter.sv Line: 3
Info (276014): Found 1 instances of uninferred RAM logic
    Info (276004): RAM logic "LT24Setup:O1_SETUP|LT24InitLCD:DUT_InitLCD|romsinc:DUT_ROM|rom" is uninferred due to inappropriate RAM size File: C:/Users/mamun/OneDrive/Documentos/- UPV/DCSD/RepositorioGithub/DCSD/Proyecto/DE1SOC_LCDLT24_1fas/LCD_SetUp/romsinc.vhd Line: 16
Warning (13024): Output pins are stuck at VCC or GND
    Warning (13410): Pin "LEDR[0]" is stuck at GND File: C:/Users/mamun/OneDrive/Documentos/- UPV/DCSD/RepositorioGithub/DCSD/Proyecto/DE1SOC_LCDLT24_1fas/DE1SOC_LCDLT24_1fas.vhd Line: 26
    Warning (13410): Pin "LEDR[1]" is stuck at GND File: C:/Users/mamun/OneDrive/Documentos/- UPV/DCSD/RepositorioGithub/DCSD/Proyecto/DE1SOC_LCDLT24_1fas/DE1SOC_LCDLT24_1fas.vhd Line: 26
    Warning (13410): Pin "LEDR[2]" is stuck at GND File: C:/Users/mamun/OneDrive/Documentos/- UPV/DCSD/RepositorioGithub/DCSD/Proyecto/DE1SOC_LCDLT24_1fas/DE1SOC_LCDLT24_1fas.vhd Line: 26
    Warning (13410): Pin "LEDR[3]" is stuck at GND File: C:/Users/mamun/OneDrive/Documentos/- UPV/DCSD/RepositorioGithub/DCSD/Proyecto/DE1SOC_LCDLT24_1fas/DE1SOC_LCDLT24_1fas.vhd Line: 26
    Warning (13410): Pin "LEDR[4]" is stuck at GND File: C:/Users/mamun/OneDrive/Documentos/- UPV/DCSD/RepositorioGithub/DCSD/Proyecto/DE1SOC_LCDLT24_1fas/DE1SOC_LCDLT24_1fas.vhd Line: 26
    Warning (13410): Pin "LEDR[7]" is stuck at GND File: C:/Users/mamun/OneDrive/Documentos/- UPV/DCSD/RepositorioGithub/DCSD/Proyecto/DE1SOC_LCDLT24_1fas/DE1SOC_LCDLT24_1fas.vhd Line: 26
    Warning (13410): Pin "LEDR[9]" is stuck at GND File: C:/Users/mamun/OneDrive/Documentos/- UPV/DCSD/RepositorioGithub/DCSD/Proyecto/DE1SOC_LCDLT24_1fas/DE1SOC_LCDLT24_1fas.vhd Line: 26
    Warning (13410): Pin "LT24_LCD_ON" is stuck at VCC File: C:/Users/mamun/OneDrive/Documentos/- UPV/DCSD/RepositorioGithub/DCSD/Proyecto/DE1SOC_LCDLT24_1fas/DE1SOC_LCDLT24_1fas.vhd Line: 29
    Warning (13410): Pin "LT24_RD_N" is stuck at VCC File: C:/Users/mamun/OneDrive/Documentos/- UPV/DCSD/RepositorioGithub/DCSD/Proyecto/DE1SOC_LCDLT24_1fas/DE1SOC_LCDLT24_1fas.vhd Line: 32
Info (286031): Timing-Driven Synthesis is running on partition "Top"
Info (17049): 4 registers lost all their fanouts during netlist optimizations.
Info (35024): Successfully connected in-system debug instance "auto_signaltap_0" to all 99 required data inputs, trigger inputs, acquisition clocks, and dynamic pins
Info (16010): Generating hard_block partition "hard_block:auto_generated_inst"
    Info (16011): Adding 9 node(s), including 0 DDIO, 0 PLL, 0 transceiver and 0 LCELL
Warning (21074): Design contains 6 input pin(s) that do not drive logic
    Warning (15610): No output dependent on input pin "KEY[1]" File: C:/Users/mamun/OneDrive/Documentos/- UPV/DCSD/RepositorioGithub/DCSD/Proyecto/DE1SOC_LCDLT24_1fas/DE1SOC_LCDLT24_1fas.vhd Line: 20
    Warning (15610): No output dependent on input pin "SW[3]" File: C:/Users/mamun/OneDrive/Documentos/- UPV/DCSD/RepositorioGithub/DCSD/Proyecto/DE1SOC_LCDLT24_1fas/DE1SOC_LCDLT24_1fas.vhd Line: 23
    Warning (15610): No output dependent on input pin "SW[4]" File: C:/Users/mamun/OneDrive/Documentos/- UPV/DCSD/RepositorioGithub/DCSD/Proyecto/DE1SOC_LCDLT24_1fas/DE1SOC_LCDLT24_1fas.vhd Line: 23
    Warning (15610): No output dependent on input pin "SW[5]" File: C:/Users/mamun/OneDrive/Documentos/- UPV/DCSD/RepositorioGithub/DCSD/Proyecto/DE1SOC_LCDLT24_1fas/DE1SOC_LCDLT24_1fas.vhd Line: 23
    Warning (15610): No output dependent on input pin "SW[6]" File: C:/Users/mamun/OneDrive/Documentos/- UPV/DCSD/RepositorioGithub/DCSD/Proyecto/DE1SOC_LCDLT24_1fas/DE1SOC_LCDLT24_1fas.vhd Line: 23
    Warning (15610): No output dependent on input pin "SW[7]" File: C:/Users/mamun/OneDrive/Documentos/- UPV/DCSD/RepositorioGithub/DCSD/Proyecto/DE1SOC_LCDLT24_1fas/DE1SOC_LCDLT24_1fas.vhd Line: 23
Info (21057): Implemented 1443 device resources after synthesis - the final resource count might be different
    Info (21058): Implemented 19 input pins
    Info (21059): Implemented 33 output pins
    Info (21061): Implemented 1357 logic cells
    Info (21064): Implemented 33 RAM segments
Info: Quartus Prime Analysis & Synthesis was successful. 0 errors, 26 warnings
    Info: Peak virtual memory: 4942 megabytes
    Info: Processing ended: Thu Dec 22 19:46:03 2022
    Info: Elapsed time: 00:01:06
    Info: Total CPU time (on all processors): 00:01:57


